id,email,nombre,apellido,password,direccion,telefono,fecha_registro,lat,lon
1,carbonellrosendo@example.net,Delia,Casas,dhf&!SuC^4,"Via de Fanny Pozo 427, Lleida, 05072, Buenos Aires, Argentina",+34880 628 273,2023-07-18 00:48:31,-34.665465,-58.519198
2,mmendez@example.org,Teófila,Burgos,y@&A95UnRI,"Vial Cintia Bellido 40 Apt. 02 , Murcia, 05703, Buenos Aires, Argentina",+34877290590,2024-11-20 09:34:27,-34.665465,-58.519198
3,escuderoariel@example.org,Noé,Beltrán,)&K5&Z2t*^,"Callejón Ruy Solé 2, Toledo, 28463, Buenos Aires, Argentina",+34 828 73 63 83,2024-09-01 00:02:38,-34.665465,-58.519198
4,fabricio60@example.org,Bernardita,Jiménez,+@0OPR&wH0,"Glorieta Victorino Jara 13 Apt. 26 , Valladolid, 02656, Buenos Aires, Argentina",+34 919 88 70 71,2023-12-26 18:47:58,-34.665465,-58.519198
5,epacheco@example.net,Perla,Ayllón,0l9KggAqG$,"Vial Custodio Jurado 765, Segovia, 12263, Buenos Aires, Argentina",+34746 23 62 74,2024-06-02 18:21:08,-34.665465,-58.519198
6,mercedesruano@example.com,Filomena,Cámara,KtB1j#Phv$,"Acceso de María Carmen Vilanova 872, Alicante, 45753, Buenos Aires, Argentina",+34945 07 97 73,2023-07-21 07:54:32,-34.665465,-58.519198
7,drosell@example.net,Roberta,Godoy,feUp)BsJ(6,"Rambla Estefanía Lobo 522 Apt. 25 , Granada, 13454, Buenos Aires, Argentina",+34 987 08 52 15,2023-09-30 20:23:25,-34.665465,-58.519198
8,florencio99@example.org,Odalis,Requena,!MM4zwOoZ1,"Ronda Elisabet Poza 97, Zaragoza, 33663, Buenos Aires, Argentina",+34987 40 00 68,2024-11-29 23:10:40,-34.665465,-58.519198
9,hermenegildoarribas@example.com,Humberto,Corominas,4)6nM19c3K,"Acceso de Marisa Polo 791, Murcia, 13584, Buenos Aires, Argentina",+34 957 786 049,2024-11-19 17:21:49,-34.665465,-58.519198
10,venriquez@example.org,Armando,Vázquez,)mGaHx0l4%,"Ronda de Socorro Solé 15, Ávila, 15218, Buenos Aires, Argentina",+34 806 593 379,2024-11-15 00:40:16,-34.665465,-58.519198
11,consuela60@example.com,Cecilia,Ruiz,!9EHqruh#W,"Vial Flora Aragonés 7 Apt. 44 , Valencia, 32136, Buenos Aires, Argentina",+34845 280 007,2024-07-28 23:07:33,-34.665465,-58.519198
12,marciaportillo@example.org,Adán,Roca,!oD6#3Yr$p,"Cuesta Valerio Llamas 8, Cuenca, 19823, Buenos Aires, Argentina",+34981 42 68 76,2024-04-21 04:22:53,-34.665465,-58.519198
13,jose-miguellamas@example.com,Chita,Sanz,H+!ZUss($8,"Avenida Jenny Ochoa 10 Apt. 57 , Burgos, 46875, Buenos Aires, Argentina",+34926 223 364,2023-11-10 19:27:04,-34.665465,-58.519198
14,pacifica60@example.org,Rafael,Colomer,%7BF3SffQ1,"Pasaje de Paulino Cuéllar 93, Ciudad, 11169, Buenos Aires, Argentina",+34 880 768 676,2024-12-22 02:32:50,-34.665465,-58.519198
15,ponceanita@example.org,Trini,Vidal,N^CS!eYt#0,"Calle Judith Bernal 94 Puerta 4 , Zamora, 02808, Buenos Aires, Argentina",+34 943 747 053,2023-10-08 05:45:35,-34.665465,-58.519198
16,onofre14@example.org,Eric,Giménez,^3AfI4vM3p,"Paseo de Ramón Pozuelo 95, Lleida, 18444, Buenos Aires, Argentina",+34 855553683,2023-09-23 02:36:15,-34.665465,-58.519198
17,oiriarte@example.com,María Fernanda,Espinosa,U+57OqaJ*$,"Cañada Reyes Aznar 4, Ourense, 33038, Buenos Aires, Argentina",+34 936 294 278,2024-08-07 03:21:19,-34.665465,-58.519198
18,catalamar@example.net,Atilio,Vilaplana,*W96QoOBhS,"Camino de Benigno Acero 28, Madrid, 34612, Buenos Aires, Argentina",+34 923 909 404,2024-07-25 13:15:42,-34.665465,-58.519198
19,xaviles@example.net,Martin,Azcona,^2b#qKjZW1,"Urbanización Jacinta Mascaró 45 Piso 5 , Castellón, 47731, Buenos Aires, Argentina",+34872 560 486,2024-04-17 08:32:18,-34.665465,-58.519198
20,benitezonofre@example.com,Custodia,Otero,l6S5TT^x&H,"Glorieta de Berto Portillo 21 Puerta 6 , Valencia, 27364, Buenos Aires, Argentina",+34 872678543,2024-03-27 17:58:42,-34.665465,-58.519198
21,rmontero@example.net,Inocencio,Romeu,k(*6PNmzml,"Pasadizo de Guiomar Alcalá 2 Puerta 5 , Teruel, 47587, Buenos Aires, Argentina",+34985 881 268,2025-01-31 00:13:12,-34.665465,-58.519198
22,fcozar@example.org,Odalys,Ariza,F8!9WL!j!t,"Rambla de Leonel Llamas 845 Apt. 87 , Girona, 46429, Buenos Aires, Argentina",+34 944 668 085,2023-08-21 20:40:51,-34.665465,-58.519198
23,duiliogil@example.com,Florinda,Villanueva,%3BDmN1d#p,"Alameda de Manu Ferrándiz 6 Puerta 0 , Cuenca, 41907, Buenos Aires, Argentina",+34 871305946,2024-11-11 06:42:30,-34.665465,-58.519198
24,leandrocardenas@example.com,Ainoa,Tormo,$pRFLu!W3_,"Calle Begoña Bastida 7, Barcelona, 43840, Buenos Aires, Argentina",+34 881 670 172,2024-02-13 02:42:35,-34.665465,-58.519198
25,csalgado@example.com,Horacio,Santiago,)96T%9FxZN,"Paseo Estela Alba 62 Piso 0 , Santa Cruz de Tenerife, 27376, Buenos Aires, Argentina",+34 979 02 91 87,2024-01-13 07:37:54,-34.665465,-58.519198
26,cocaariadna@example.net,Tiburcio,Real,!22z9HYp&f,"Calle Emigdio Pont 26 Apt. 01 , León, 35724, Buenos Aires, Argentina",+34822 83 26 33,2025-04-12 03:22:52,-34.665465,-58.519198
27,chamorroeleuterio@example.com,Evangelina,Jerez,R&l^eVXyP2,"Acceso de Asunción Baeza 12 Piso 4 , Guadalajara, 36189, Buenos Aires, Argentina",+34 986 41 03 09,2024-07-28 11:43:53,-34.665465,-58.519198
28,nelidalasa@example.org,Chita,Quintanilla,%qVMg%jLA9,"Alameda Ezequiel Guitart 56, Salamanca, 10004, Buenos Aires, Argentina",+34 986 082 215,2024-03-17 20:39:42,-34.665465,-58.519198
29,isaaccalzada@example.org,Zaida,Garrido,o#9fX$MwX9,"Avenida Olga Villa 37, León, 49815, Buenos Aires, Argentina",+34822508532,2024-10-05 06:52:32,-34.665465,-58.519198
30,ezequielreyes@example.net,Lorenzo,Pulido,&J^3F3rdZs,"Ronda Inocencio Carnero 82 Apt. 07 , Álava, 12784, Buenos Aires, Argentina",+34 928 67 71 86,2023-05-23 17:17:39,-34.665465,-58.519198
31,zalmeida@example.com,Reinaldo,Arévalo,@LWMLsFAc3,"Pasaje de Sonia Balaguer 92, Albacete, 19331, Buenos Aires, Argentina",+34 983199999,2024-03-14 19:41:58,-34.665465,-58.519198
32,rafaelpuente@example.org,Nacio,Quintana,im5pDUnda#,"Calle Herberto Sobrino 31 Puerta 6 , Alicante, 03931, Buenos Aires, Argentina",+34842 09 28 19,2024-03-21 20:44:43,-34.665465,-58.519198
33,moratanico@example.org,José Luis,Canals,psrgIJQ$@8,"Avenida de Aura Niño 9, Murcia, 43538, Buenos Aires, Argentina",+34 846 520 276,2024-10-13 00:56:59,-34.665465,-58.519198
34,ricartdaniela@example.net,Adoración,Buendía,)@Sm2wQq36,"Alameda Albano Mendizábal 9, Álava, 12745, Buenos Aires, Argentina",+34973266771,2024-01-09 18:59:30,-34.665465,-58.519198
35,llamaseduardo@example.net,Blanca,Romero,*+*d2QrT&1,"Rambla Melchor Lozano 83 Piso 2 , Salamanca, 34924, Buenos Aires, Argentina",+34 941851024,2023-06-13 22:28:13,-34.665465,-58.519198
36,azahar71@example.com,Guadalupe,Ojeda,(0NhluPiyh,"Ronda Alejandra Martin 7 Piso 7 , Huesca, 48565, Buenos Aires, Argentina",+34 902 435 959,2024-04-09 14:21:19,-34.665465,-58.519198
37,hilda06@example.org,Áurea,Alegria,QO2PoV#z+y,"Alameda Jordana Llano 451, Jaén, 06831, Buenos Aires, Argentina",+34 807361759,2023-09-16 17:39:22,-34.665465,-58.519198
38,baldomero78@example.net,Danilo,Juárez,Vvp6aTrn%6,"Via de Berto Rosell 7, Valencia, 17416, Buenos Aires, Argentina",+34831 93 32 56,2024-11-20 16:48:14,-34.665465,-58.519198
39,ivanheras@example.org,Gerardo,Barco,%a37uuOi^0,"Glorieta de Maricruz Giralt 74, Soria, 19717, Buenos Aires, Argentina",+34 884 340 709,2023-08-28 23:20:23,-34.665465,-58.519198
40,valbuenanatalia@example.org,Chita,Aguilar,4$AqE@Bo$y,"Camino Susana Fábregas 356, Cuenca, 08512, Buenos Aires, Argentina",+34 977 183 341,2024-05-29 03:29:48,-34.665465,-58.519198
41,rocamoraoctavio@example.org,Olegario,Arellano,+5@1MYfCI$,"Cañada de Nuria Salas 40, Cantabria, 20397, Buenos Aires, Argentina",+34 725 00 83 12,2023-12-20 18:08:04,-34.665465,-58.519198
42,juan-antoniocanet@example.net,Julio César,Folch,gHxFGzO0(8,"Alameda Efraín Mosquera 54, Las Palmas, 29132, Buenos Aires, Argentina",+34 985208296,2024-07-28 10:46:22,-34.665465,-58.519198
43,egeacandido@example.com,Ainara,Cabeza,DzNXl0Od@1,"Via Heriberto Porras 34, Álava, 26573, Buenos Aires, Argentina",+34976034788,2024-10-24 06:24:13,-34.665465,-58.519198
44,joan15@example.net,Eladio,Clemente,#VSGcelxx8,"Cañada Plinio Julián 3, Almería, 15752, Buenos Aires, Argentina",+34926423923,2025-05-20 07:23:51,-34.665465,-58.519198
45,llanosilvio@example.org,Ramiro,Simó,PS*4B0zbwT,"Paseo de Amparo Salcedo 402, Segovia, 02577, Buenos Aires, Argentina",+34977242580,2023-06-05 11:15:15,-34.665465,-58.519198
46,arturopoza@example.com,Horacio,Sanmartín,*0rSjejzwJ,"Plaza de Cirino Cuesta 65 Piso 0 , Melilla, 13849, Buenos Aires, Argentina",+34 621543721,2023-12-24 08:18:39,-34.665465,-58.519198
47,juan-carlosmarquez@example.net,Elba,Lladó,2sTJgpyb(6,"C. Federico Diéguez 531, Girona, 01651, Buenos Aires, Argentina",+34 826 562 118,2023-12-21 09:27:58,-34.665465,-58.519198
48,heriberto29@example.org,Heraclio,Nevado,&pHL(ygG7m,"Cañada Marisa Carbó 49, Huelva, 40905, Buenos Aires, Argentina",+34848 04 51 22,2024-02-15 13:01:37,-34.665465,-58.519198
49,opedrosa@example.net,Herberto,Piñeiro,981qEG!sr&,"C. de Fito Ayuso 86, Asturias, 19633, Buenos Aires, Argentina",+34 847 08 41 16,2023-07-30 10:37:11,-34.665465,-58.519198
50,fernandezleandro@example.com,José Antonio,Pastor,(12Oa1gWIT,"Paseo Chema Cisneros 4 Piso 1 , Barcelona, 10755, Buenos Aires, Argentina",+34 981 19 79 35,2023-12-25 06:07:43,-34.665465,-58.519198
51,aguadoraquel@example.com,Tania,Huguet,+08R0b$T&u,"Paseo Jose Angel Heredia 97 Apt. 30 , Castellón, 12868, Buenos Aires, Argentina",+34742 64 72 68,2024-08-21 17:56:08,-34.665465,-58.519198
52,tduran@example.org,Lidia,Carmona,r23UQWc4*W,"Urbanización Caridad Maza 45 Piso 3 , Girona, 27644, Buenos Aires, Argentina",+34 887949574,2023-08-12 16:54:16,-34.665465,-58.519198
53,palmira46@example.org,Cristian,Palomo,oP1PV4Cx#W,"Ronda Beatriz Coronado 37 Piso 4 , Burgos, 05939, Buenos Aires, Argentina",+34 920 476 646,2023-12-30 07:02:26,-34.665465,-58.519198
54,vsanmartin@example.com,Iker,Roda,6cFcT&vp!N,"Avenida de Modesta Vall 5, Valladolid, 11024, Buenos Aires, Argentina",+34 925516882,2025-05-15 22:25:34,-34.665465,-58.519198
55,pastoramanjon@example.com,Marcial,Batalla,*%W7H7dpY2,"Plaza Emilio Riquelme 87, Ourense, 11078, Buenos Aires, Argentina",+34841 06 44 88,2024-10-30 19:58:57,-34.665465,-58.519198
56,eufemiacanizares@example.com,Jaime,Corral,mh6((V)r^C,"Vial Maxi Montesinos 19 Apt. 34 , Cuenca, 45875, Buenos Aires, Argentina",+34979 226 652,2024-01-28 16:37:28,-34.665465,-58.519198
57,rrivera@example.com,Nilo,Arnal,d@AC2UicPm,"Via Noelia Antúnez 3, Melilla, 45364, Buenos Aires, Argentina",+34981275003,2025-02-20 14:01:32,-34.665465,-58.519198
58,rodolfosanchez@example.com,Jesús,Jordá,re+G82Up*C,"Pasadizo Prudencia Amat 818 Apt. 52 , Sevilla, 42645, Buenos Aires, Argentina",+34 724134796,2024-06-23 10:30:33,-34.665465,-58.519198
59,barmengol@example.org,Priscila,Criado,#Y1HIRpPjX,"Avenida Inés Palmer 53 Piso 9 , Madrid, 16921, Buenos Aires, Argentina",+34 901 697 613,2025-02-15 02:54:06,-34.665465,-58.519198
60,dmorillo@example.com,Leyre,Melero,z7MrUyPH^T,"Paseo Mar Muñoz 83, Murcia, 39051, Buenos Aires, Argentina",+34945572674,2024-09-04 08:47:41,-34.665465,-58.519198
61,remigio96@example.net,Caridad,Vilalta,s)0NZb#)nx,"Pasadizo de Modesta Salinas 8, Granada, 10633, Buenos Aires, Argentina",+34920 734 252,2024-05-10 10:49:38,-34.665465,-58.519198
62,catalinaaznar@example.net,Teresa,Mayol,7BeZAM!l_i,"C. Guadalupe Rius 64, Cuenca, 03235, Buenos Aires, Argentina",+34972 29 60 55,2024-12-01 20:39:59,-34.665465,-58.519198
63,luis-miguelbermudez@example.com,Natanael,Bernal,5mvo1P8al*,"Rambla María Cristina Rojas 93, Baleares, 18376, Buenos Aires, Argentina",+34945325811,2025-04-08 22:01:17,-34.665465,-58.519198
64,xbermejo@example.org,Paloma,Menendez,9vX)N4FO!l,"Pasaje de Apolinar Mate 34, Málaga, 25645, Buenos Aires, Argentina",+34971 007 972,2024-09-18 04:41:23,-34.665465,-58.519198
65,juan-antonio37@example.net,Valero,Pomares,+I61O3w8#_,"Vial Pío Ramirez 87, Madrid, 47873, Buenos Aires, Argentina",+34933 40 87 14,2024-12-14 23:05:04,-34.665465,-58.519198
66,belmonteaurelia@example.org,Adán,Sancho,FkK6TtDk(9,"Callejón Celia Naranjo 2, Sevilla, 40447, Buenos Aires, Argentina",+34 648 215 968,2024-02-15 19:57:22,-34.665465,-58.519198
67,roberto77@example.com,Fernando,Palomares,MvjHarlM&4,"Callejón de Valeria Alba 988, Tarragona, 02523, Buenos Aires, Argentina",+34927060860,2024-12-19 09:44:53,-34.665465,-58.519198
68,raulurrutia@example.com,Fabricio,Mora,mM19Zs+kG!,"Via de Chita Ribes 58 Piso 5 , Segovia, 17814, Buenos Aires, Argentina",+34 873 858 769,2024-06-01 23:27:08,-34.665465,-58.519198
69,dperalta@example.net,Dalila,Ferrando,(2HsP+vXhR,"Camino Espiridión Bravo 3, Castellón, 42161, Buenos Aires, Argentina",+34847 986 404,2025-02-24 06:10:07,-34.665465,-58.519198
70,unovoa@example.net,Rómulo,Alfaro,qqR5pGku@N,"Callejón de Maximiano Maza 162 Apt. 25 , Jaén, 19173, Buenos Aires, Argentina",+34 885331136,2024-09-26 20:10:52,-34.665465,-58.519198
71,manu95@example.com,Francisco Javier,Lledó,aLXe2Hpx@0,"Vial de Celia Villegas 34, Las Palmas, 51093, Buenos Aires, Argentina",+34 960 604 643,2024-12-02 02:10:36,-34.665465,-58.519198
72,cocaflor@example.org,Marino,Casanova,YI#2LSvPal,"Cuesta de Débora Vilar 109 Apt. 89 , Toledo, 11955, Buenos Aires, Argentina",+34 976 342 881,2025-03-25 06:07:11,-34.665465,-58.519198
73,dribes@example.org,Ofelia,Cobos,5uTrTa4@(L,"Glorieta de Blanca Morcillo 85, Cuenca, 22142, Buenos Aires, Argentina",+34 844208096,2024-04-16 19:33:50,-34.665465,-58.519198
74,alonso01@example.net,Amaya,Marcos,_7BAC(gcs1,"Pasadizo Alfredo Rosales 22 Apt. 51 , La Rioja, 30791, Buenos Aires, Argentina",+34823 90 13 10,2024-03-07 01:32:51,-34.665465,-58.519198
75,thernandez@example.net,Raimundo,Andreu,(4bsjTZjkY,"Glorieta de Trini Galán 98, Valladolid, 03574, Buenos Aires, Argentina",+34946 13 20 32,2024-07-13 23:42:45,-34.665465,-58.519198
76,cramon@example.net,Rubén,Blanes,#4&y0@Yx63,"Pasaje de Jacobo Guardiola 34 Piso 1 , Navarra, 20304, Buenos Aires, Argentina",+34 875 94 74 42,2024-05-27 01:36:30,-34.665465,-58.519198
77,zleon@example.com,Pancho,Chico,x7MOtS%_&b,"Via José Antonio Esparza 33 Piso 7 , Sevilla, 49266, Buenos Aires, Argentina",+34883401708,2023-07-05 12:49:10,-34.665465,-58.519198
78,rjove@example.org,Eugenio,Nadal,UJpoEZAe(4,"Pasadizo Aránzazu Benitez 33 Puerta 8 , Girona, 34085, Buenos Aires, Argentina",+34 879052240,2025-02-10 02:33:04,-34.665465,-58.519198
79,davidgirona@example.com,Pili,Arenas,dwUK4WBP3@,"Cuesta Ema Armengol 54 Puerta 6 , Navarra, 02057, Buenos Aires, Argentina",+34 948 25 99 77,2023-09-09 07:59:30,-34.665465,-58.519198
80,fguardiola@example.org,Victorino,Herrero,&)BGRppW+3,"C. de Ramona Torrent 11, Valladolid, 28400, Buenos Aires, Argentina",+34844 81 41 52,2025-04-27 12:58:36,-34.665465,-58.519198
81,xtome@example.org,Lara,Gomila,AR85Owih#^,"Alameda Mohamed Grande 477, Barcelona, 13839, Buenos Aires, Argentina",+34874 03 62 57,2025-02-10 22:51:36,-34.665465,-58.519198
82,dafne99@example.net,Gastón,Galan,^*%79DgVBJ,"Cuesta Ariel Gisbert 7, Navarra, 07681, Buenos Aires, Argentina",+34887253998,2023-10-06 02:51:56,-34.665465,-58.519198
83,pmarti@example.org,Teresita,Acosta,xxG7T*eF*n,"Avenida de Corona Cortina 6 Puerta 3 , Tarragona, 48648, Buenos Aires, Argentina",+34823 366 876,2023-07-03 01:32:12,-34.665465,-58.519198
84,manuelitarios@example.com,Pastora,Salvà,2qj7Jmgnh!,"Vial Nazario Giménez 2, Teruel, 34615, Buenos Aires, Argentina",+34983720052,2024-09-20 01:28:42,-34.665465,-58.519198
85,hbalaguer@example.net,Teobaldo,Coca,#qE5keis!2,"Vial de Palmira Vilanova 43, Málaga, 51633, Buenos Aires, Argentina",+34 988 21 20 13,2025-04-14 21:26:54,-34.665465,-58.519198
86,fuenteyessica@example.com,Cándido,Miguel,$oZ6gL15@4,"Cuesta de Fito Ureña 58 Puerta 2 , Albacete, 16428, Buenos Aires, Argentina",+34 878 83 12 31,2023-08-14 10:54:55,-34.665465,-58.519198
87,bperales@example.com,Priscila,Sainz,xiw27T91@7,"Vial de Sebastian Cabello 28 Piso 1 , Málaga, 34961, Buenos Aires, Argentina",+34950 89 88 42,2024-06-27 16:18:32,-34.665465,-58.519198
88,conchaperello@example.net,Fabricio,Requena,&VTDX8Tcb6,"Ronda de Lucho Medina 7, Girona, 40899, Buenos Aires, Argentina",+34977418879,2024-10-09 18:46:09,-34.665465,-58.519198
89,celestinocalvet@example.net,Gabino,Fiol,1XmMCkKQ#V,"Ronda de Azeneth Aznar 44 Piso 8 , Toledo, 48554, Buenos Aires, Argentina",+34876 654 390,2024-06-12 19:09:48,-34.665465,-58.519198
90,jmarmol@example.com,Ainoa,Bustos,^y+UG9Xxdw,"Ronda de Abilio Sosa 4 Puerta 1 , Salamanca, 22666, Buenos Aires, Argentina",+34984 097 326,2024-01-08 09:45:21,-34.665465,-58.519198
91,amando67@example.org,Susana,Meléndez,)0NuX9VWeN,"Pasaje de Beatriz Clemente 45 Puerta 0 , Las Palmas, 18563, Buenos Aires, Argentina",+34 924 198 645,2024-11-27 15:06:43,-34.665465,-58.519198
92,zquintero@example.com,Lisandro,Leal,^356C)y)%_,"Ronda de Joaquina Guardia 6, Tarragona, 49900, Buenos Aires, Argentina",+34 861287022,2023-07-03 11:34:48,-34.665465,-58.519198
93,gestrada@example.net,Pili,Burgos,P@4wAIj5z1,"Pasaje Hernando Verdugo 59, Burgos, 17264, Buenos Aires, Argentina",+34 941 11 20 88,2023-06-28 22:48:20,-34.665465,-58.519198
94,precio@example.net,Bautista,Corominas,i_2m%QKcu#,"Cuesta Juanita Benavides 90, Tarragona, 25283, Buenos Aires, Argentina",+34901 77 61 48,2025-03-17 06:12:56,-34.665465,-58.519198
95,palacioguillermo@example.net,Débora,Baena,@dXWxb&V^9,"Urbanización Maura Casal 4 Apt. 80 , Tarragona, 31405, Buenos Aires, Argentina",+34 846 477 965,2024-02-22 18:50:45,-34.665465,-58.519198
96,encarnacion10@example.com,Itziar,Grau,rqhk0MFet#,"Cuesta de Ernesto Ramírez 48 Apt. 16 , Guipúzcoa, 39996, Buenos Aires, Argentina",+34827 77 73 78,2024-10-14 16:08:41,-34.665465,-58.519198
97,kizquierdo@example.com,Clotilde,Prieto,4F%5GBeD+@,"Callejón de Violeta Sánchez 88, Santa Cruz de Tenerife, 48165, Buenos Aires, Argentina",+34821 683 818,2025-02-06 06:24:32,-34.665465,-58.519198
98,reynaldo51@example.com,Graciela,Criado,^s33lYl3@T,"Camino Delfina Alonso 20, Toledo, 46814, Buenos Aires, Argentina",+34 941832839,2023-12-03 22:19:26,-34.665465,-58.519198
99,cordobagustavo@example.com,Edu,Moll,0&0qVkEln(,"Pasadizo de Javiera Bartolomé 79 Apt. 56 , Zaragoza, 11193, Buenos Aires, Argentina",+34 987226165,2024-02-16 11:31:53,-34.665465,-58.519198
100,whierro@example.com,Adolfo,Marí,PF%18OPvj*,"Camino Adora Portillo 626, Albacete, 09420, Buenos Aires, Argentina",+34 807 745 048,2024-08-08 10:03:34,-34.665465,-58.519198
101,romeroruy@example.net,Encarnita,Lara,8J$0KEf550,"Cuesta de Gastón Vergara 7, Pontevedra, 15722, Buenos Aires, Argentina",+34 803975349,2024-06-21 04:53:40,-34.665465,-58.519198
102,fabiola87@example.net,Juan Pablo,Guerrero,+huEr8Mk!2,"Vial Aarón Sainz 60, Zaragoza, 40395, Buenos Aires, Argentina",+34 983 774 926,2023-08-26 23:47:00,-34.665465,-58.519198
103,luis-miguelotero@example.org,Estefanía,Morante,)0g3irVa@3,"Urbanización Leire Juliá 65 Piso 7 , Barcelona, 25146, Buenos Aires, Argentina",+34 900267070,2025-05-06 13:13:31,-34.665465,-58.519198
104,rafaela39@example.com,Manuelita,Cantero,_#9@S2xZ4Z,"Alameda Dimas Jimenez 111, Lugo, 22427, Buenos Aires, Argentina",+34 975 217 057,2024-04-30 06:58:35,-34.665465,-58.519198
105,florinda70@example.com,Carmen,Godoy,nD4Vfxt_B_,"Paseo Fátima Posada 25 Apt. 78 , Granada, 01751, Buenos Aires, Argentina",+34902442327,2024-10-02 04:30:28,-34.665465,-58.519198
106,crebollo@example.net,Elodia,Cáceres,@53R3yhNY8,"Vial Yésica Montero 75 Piso 6 , Ceuta, 04033, Buenos Aires, Argentina",+34 923 04 42 76,2024-03-04 23:31:20,-34.665465,-58.519198
107,pradoleire@example.com,Porfirio,Abad,WNK_a5AlcE,"Acceso Nydia Aguiló 158, Vizcaya, 38345, Buenos Aires, Argentina",+34975350464,2023-12-18 21:00:23,-34.665465,-58.519198
108,emulet@example.net,Marcio,Francisco,gCt4BQGe@X,"C. de Ema Pedro 6 Puerta 3 , Guipúzcoa, 17114, Buenos Aires, Argentina",+34844 91 46 61,2024-11-03 09:57:46,-34.665465,-58.519198
109,juan-francisco37@example.org,Benito,Barrera,!E4s0yYtcK,"Paseo Fausto Hervia 4, Tarragona, 47515, Buenos Aires, Argentina",+34983941708,2023-07-21 19:04:14,-34.665465,-58.519198
110,isaias16@example.net,Pánfilo,Ureña,^v&1CRu#+j,"Vial de Lidia Herrera 97 Puerta 2 , Granada, 50620, Buenos Aires, Argentina",+34924895927,2025-04-27 14:45:10,-34.665465,-58.519198
111,llorensazahar@example.com,Aarón,Agustí,ZuKH6Ew3!i,"Glorieta Jose Miguel Planas 9, Barcelona, 43746, Buenos Aires, Argentina",+34 604 00 96 48,2024-10-09 15:41:15,-34.665465,-58.519198
112,lisandro30@example.com,Carina,Vilaplana,Lz_PIEoz&5,"Pasaje de Seve Perelló 84, Tarragona, 25162, Buenos Aires, Argentina",+34 926215492,2024-09-18 02:11:30,-34.665465,-58.519198
113,melchor74@example.com,Manu,Talavera,n0lZYF#g!9,"Alameda Lina Calleja 68, Pontevedra, 20366, Buenos Aires, Argentina",+34826498256,2024-03-27 12:38:11,-34.665465,-58.519198
114,guillermo15@example.net,Quique,Sanz,r^84Qkk4BH,"Cuesta Jovita Piquer 9, Castellón, 19755, Buenos Aires, Argentina",+34937 322 826,2023-09-01 04:38:04,-34.665465,-58.519198
115,lunasofia@example.org,Dalila,Grande,7e8ZcgKt(d,"Camino Xavier Valera 2 Piso 0 , Huelva, 33847, Buenos Aires, Argentina",+34 878228847,2024-01-13 22:11:02,-34.665465,-58.519198
116,ibas@example.com,Leonel,Valenzuela,F)M8FhRj4Y,"Paseo de Victorino Navas 77 Puerta 8 , Huelva, 05698, Buenos Aires, Argentina",+34 980 87 27 20,2025-04-01 09:29:54,-34.665465,-58.519198
117,maximiliano27@example.net,Roberta,Macias,Mqw8wHZxj),"Urbanización Lara Leon 599, Zaragoza, 09075, Buenos Aires, Argentina",+34 875800007,2024-08-17 09:27:19,-34.665465,-58.519198
118,encarnacion11@example.net,Mamen,Rosselló,w8xqYC8w$h,"Via de Leire Barceló 167 Apt. 71 , Cuenca, 39121, Buenos Aires, Argentina",+34 845 047 051,2023-12-24 19:22:27,-34.665465,-58.519198
119,berenguermaximiano@example.org,Alicia,Arco,MQn6^CCe(3,"C. Francisco Quintanilla 40 Apt. 45 , Castellón, 40933, Buenos Aires, Argentina",+34 978 382 334,2024-04-18 11:15:44,-34.665465,-58.519198
120,rcerda@example.org,Emigdio,Iborra,A2&MGmlU+S,"Alameda Jonatan Bartolomé 359 Puerta 4 , Badajoz, 42227, Buenos Aires, Argentina",+34923 302 793,2023-11-25 22:07:29,-34.665465,-58.519198
121,aangel@example.net,Juanito,Baquero,w@ct2Doi#S,"Calle de Victor Manso 140, Cáceres, 48674, Buenos Aires, Argentina",+34943046036,2024-01-09 08:01:55,-34.665465,-58.519198
122,ulises37@example.net,Mercedes,Toledo,jCD9GGkib&,"Callejón de Leopoldo Coll 9, Zaragoza, 02357, Buenos Aires, Argentina",+34 979004980,2024-06-08 20:36:33,-34.665465,-58.519198
123,waragones@example.net,Cristóbal,Gutierrez,#2Mio2jwv!,"Alameda de Roldán Galiano 91 Puerta 7 , Baleares, 21212, Buenos Aires, Argentina",+34 984945445,2025-02-14 04:47:49,-34.665465,-58.519198
124,adelinarosello@example.net,Graciela,González,5XV#L5n+*$,"Urbanización Miguela Bayón 10 Apt. 44 , Guadalajara, 42600, Buenos Aires, Argentina",+34 974 600 604,2023-08-03 21:31:17,-34.665465,-58.519198
125,filomenapizarro@example.com,Ceferino,Palacios,BE_lPNRo+3,"Avenida de Marisa Puente 5 Apt. 49 , Madrid, 28684, Buenos Aires, Argentina",+34875 63 76 79,2025-02-24 15:25:59,-34.665465,-58.519198
126,zalcolea@example.net,Paulina,Canet,icL2^Wqr_@,"Alameda Socorro Escalona 673, Valladolid, 43141, Buenos Aires, Argentina",+34 988252274,2024-06-13 08:57:12,-34.665465,-58.519198
127,ledesmacalixto@example.com,Manola,Otero,1cAwRgUx+c,"Plaza de Fulgencio Cuervo 50, Lleida, 38324, Buenos Aires, Argentina",+34 976 227 842,2023-08-18 11:12:45,-34.665465,-58.519198
128,moreraluz@example.net,Melchor,Bernal,dr^0BNtkcU,"Acceso Jose Manuel Camino 615 Puerta 9 , Ávila, 30765, Buenos Aires, Argentina",+34 941851261,2025-03-22 23:17:11,-34.665465,-58.519198
129,yreal@example.net,Buenaventura,Herrera,c0EIL*g8$u,"Callejón Trinidad Baró 50, Baleares, 46888, Buenos Aires, Argentina",+34 942603519,2024-07-28 13:59:56,-34.665465,-58.519198
130,iris22@example.com,Cloe,Mate,+@LFAzwp46,"Pasaje de Yésica Robles 36, Pontevedra, 13027, Buenos Aires, Argentina",+34 926 17 38 48,2024-06-04 07:58:23,-34.665465,-58.519198
131,ivanpujol@example.com,Celso,Paredes,z64@!F+u*U,"Pasadizo Alba Arias 3 Piso 7 , Jaén, 19224, Buenos Aires, Argentina",+34 873256968,2024-07-15 20:31:12,-34.665465,-58.519198
132,jose-francisco86@example.org,Ciro,Redondo,48UB%avp@S,"Urbanización Leire Ugarte 6, Burgos, 44901, Buenos Aires, Argentina",+34 879 765 880,2024-07-29 17:43:42,-34.665465,-58.519198
133,pmancebo@example.org,Fabio,Cruz,Jq2tBZym#2,"Ronda de Encarna Borrás 678, Baleares, 47449, Buenos Aires, Argentina",+34 849 700 807,2023-11-17 06:45:51,-34.665465,-58.519198
134,herminiofabregas@example.net,Constanza,Palacios,v^k#0VGet_,"Paseo Marciano Corominas 60, Palencia, 01452, Buenos Aires, Argentina",+34945 381 485,2025-04-28 13:55:46,-34.665465,-58.519198
135,sandra36@example.org,Pepe,Martorell,XUrZ7dId)c,"Acceso Feliciano Mariscal 77 Apt. 42 , Soria, 19942, Buenos Aires, Argentina",+34982 99 48 40,2025-04-30 15:28:22,-34.665465,-58.519198
136,samanta59@example.com,Carlito,Figuerola,#597eXuB@f,"Via Fernando Pedraza 42 Piso 9 , Melilla, 30319, Buenos Aires, Argentina",+34 981 16 22 51,2025-03-03 22:55:30,-34.665465,-58.519198
137,gironaamarilis@example.net,Abril,Nevado,8cTjGE*z_5,"Ronda Sigfrido Verdejo 29 Piso 9 , Toledo, 36803, Buenos Aires, Argentina",+34 845880060,2023-07-28 08:04:28,-34.665465,-58.519198
138,gsaez@example.com,Concha,Rebollo,o5(62MtqbE,"Urbanización de Juan Luis Paniagua 44, Jaén, 37135, Buenos Aires, Argentina",+34 922 458 492,2023-11-04 05:03:39,-34.665465,-58.519198
139,hervasrafael@example.com,Natalio,Pou,G)7+MA@jUe,"Rambla Zacarías Pou 91, Las Palmas, 05451, Buenos Aires, Argentina",+34845 257 321,2024-12-09 07:28:45,-34.665465,-58.519198
140,jolmedo@example.org,Nicolasa,Baquero,%IId9zUas),"Paseo de Elena Mendez 28, Segovia, 12015, Buenos Aires, Argentina",+34 822 44 74 53,2025-02-27 17:28:39,-34.665465,-58.519198
141,miguel79@example.org,Felicidad,Esteban,_R_oX8Ip)G,"C. de Cayetana Lozano 50 Piso 2 , Zaragoza, 51868, Buenos Aires, Argentina",+34 822603225,2023-06-06 01:45:48,-34.665465,-58.519198
142,mugicaelisabet@example.com,Irma,Pagès,8HwB0ymQ!u,"C. Ángela Barrera 255 Puerta 1 , Zaragoza, 15432, Buenos Aires, Argentina",+34 945 570 076,2024-10-03 10:09:45,-34.665465,-58.519198
143,vsaez@example.net,Dionisio,Malo,FZ&7N3mez+,"Ronda Lupe Vargas 69 Piso 7 , La Rioja, 10500, Buenos Aires, Argentina",+34 981 31 33 63,2025-03-20 17:56:05,-34.665465,-58.519198
144,xperalta@example.com,Leticia,Cuadrado,w8WiPzLw_*,"Alameda Arsenio Amaya 2 Puerta 7 , Murcia, 08319, Buenos Aires, Argentina",+34 977 41 63 10,2025-04-08 18:39:29,-34.665465,-58.519198
145,severianocordero@example.net,Sabina,Suarez,k405Xis!!p,"Pasadizo Brunilda Perea 6, Ávila, 24185, Buenos Aires, Argentina",+34 985 87 13 81,2024-04-13 03:49:08,-34.665465,-58.519198
146,aragonesmateo@example.org,Cristian,Madrigal,QGl01cxl$+,"Paseo José María Gelabert 343 Piso 1 , La Rioja, 18438, Buenos Aires, Argentina",+34 820 750 053,2023-07-04 04:38:17,-34.665465,-58.519198
147,iruiz@example.com,Azucena,Roig,6jD8^tOG^l,"Ronda Amanda Lorenzo 40, Salamanca, 07636, Buenos Aires, Argentina",+34 942 246 474,2024-03-10 19:21:36,-34.665465,-58.519198
148,agata22@example.org,Abraham,Amo,22zvqbRz@3,"Glorieta de Tomás Chacón 45, León, 37274, Buenos Aires, Argentina",+34901633315,2025-01-31 08:40:38,-34.665465,-58.519198
149,inmaculadaalamo@example.org,Teodoro,Fiol,%6I5Nq2)1^,"Glorieta Griselda Peña 61 Puerta 2 , Ceuta, 30713, Buenos Aires, Argentina",+34803494696,2025-03-18 04:59:46,-34.665465,-58.519198
150,valentin28@example.org,Hugo,Andreu,qq7FFiNI9_,"Calle Moreno Cabeza 53 Piso 4 , Vizcaya, 04070, Buenos Aires, Argentina",+34 882 33 25 77,2025-05-20 03:00:47,-34.665465,-58.519198
151,jaravirginia@example.org,Angelita,Vazquez,)0IbSVL5FS,"Plaza de Nélida Estévez 78, Madrid, 45490, Buenos Aires, Argentina",+34 880 853 224,2024-12-27 22:27:18,-34.665465,-58.519198
152,anselma34@example.org,Eloy,Ureña,V$w2Ebub%I,"Cuesta de Luciana Vara 4, Cuenca, 30032, Buenos Aires, Argentina",+34 888 859 218,2024-11-16 18:46:57,-34.665465,-58.519198
153,herminia37@example.net,Eduardo,Garcés,^097uMYcZ$,"Avenida José María Crespi 70, Ceuta, 22841, Buenos Aires, Argentina",+34 972 491 441,2024-06-01 01:00:07,-34.665465,-58.519198
154,liliana19@example.net,Melania,Boix,XV(7Yst)d#,"Acceso Octavio Ricart 68, Álava, 10086, Buenos Aires, Argentina",+34925370412,2025-03-16 16:36:03,-34.665465,-58.519198
155,montalbanfrancisca@example.org,Máximo,Sebastián,r*F2KqfXqe,"Cuesta de José Antonio Sotelo 19, Palencia, 51520, Buenos Aires, Argentina",+34 841 49 66 94,2023-12-22 11:07:22,-34.665465,-58.519198
156,yprat@example.net,Rosendo,Albero,Mbm+9+FlaD,"Calle de Amando Menéndez 5, Cuenca, 35734, Buenos Aires, Argentina",+34704523284,2023-11-02 10:41:09,-34.665465,-58.519198
157,macario30@example.com,Onofre,Godoy,F)0HX6FtqZ,"Callejón Anna Agustí 7 Apt. 33 , Almería, 39382, Buenos Aires, Argentina",+34 949 740 205,2024-03-31 14:45:09,-34.665465,-58.519198
158,borrellxavier@example.org,Armando,Tamarit,x+3D9e&$YL,"Cañada de Nydia Oliver 828, Asturias, 46936, Buenos Aires, Argentina",+34888 26 09 47,2023-06-22 05:28:58,-34.665465,-58.519198
159,juan-carlospulido@example.net,Iris,Yuste,#N)kdIbmZ8,"Calle Jose Angel Guzman 43 Piso 3 , Vizcaya, 30583, Buenos Aires, Argentina",+34885374049,2024-12-23 12:31:13,-34.665465,-58.519198
160,juan-pablo85@example.org,Agapito,Ayala,PImDxqBE*1,"Cañada Asunción Ledesma 45 Apt. 06 , Melilla, 35287, Buenos Aires, Argentina",+34945201458,2025-02-12 17:06:13,-34.665465,-58.519198
161,salinasisidoro@example.org,Lourdes,Cruz,EH0gL9u0S!,"Urbanización Isabela Maestre 8, Guipúzcoa, 31178, Buenos Aires, Argentina",+34880504272,2024-06-26 04:44:10,-34.665465,-58.519198
162,ramona92@example.org,Calista,Riera,*_1Zl9)zUg,"Paseo Lázaro Pablo 87, Cádiz, 27123, Buenos Aires, Argentina",+34 845790913,2024-07-16 01:11:34,-34.665465,-58.519198
163,xllabres@example.org,Román,Peral,$H+Il2YwXh,"Cañada de Cecilia Acero 8, Salamanca, 29976, Buenos Aires, Argentina",+34 923 25 30 99,2023-08-23 02:58:40,-34.665465,-58.519198
164,susana55@example.net,Albino,Jiménez,V2LJ%*j!)p,"Plaza de Plinio Ocaña 57 Piso 1 , Ciudad, 14848, Buenos Aires, Argentina",+34706171886,2025-05-04 02:25:28,-34.665465,-58.519198
165,mauricio69@example.org,Sergio,Cañizares,XfG5YBAp(K,"Avenida Ernesto Andres 13, Cádiz, 38449, Buenos Aires, Argentina",+34 946 66 93 42,2023-05-29 01:54:32,-34.665465,-58.519198
166,galo57@example.com,Angélica,Pozo,C^SQdzyp%7,"Vial de Amancio Pera 79, Zamora, 03196, Buenos Aires, Argentina",+34920142009,2023-07-03 13:14:56,-34.665465,-58.519198
167,khierro@example.org,Zoraida,Mínguez,%(1$+RNein,"C. de Glauco Borrás 2 Apt. 99 , Alicante, 46784, Buenos Aires, Argentina",+34879144077,2024-03-11 18:24:37,-34.665465,-58.519198
168,gonzaloodalis@example.com,Dionisio,Robledo,^Ze8Xtjda0,"Vial Haroldo Guardiola 8 Piso 3 , Segovia, 24638, Buenos Aires, Argentina",+34968 32 99 47,2025-01-23 13:31:58,-34.665465,-58.519198
169,adrianablazquez@example.com,Mónica,Rojas,k+0LloTSN#,"Glorieta Genoveva Ortega 797, Valencia, 16498, Buenos Aires, Argentina",+34977 42 31 90,2023-12-12 07:38:04,-34.665465,-58.519198
170,lalo28@example.com,Natalio,Arjona,XE0Nl^7Em_,"Glorieta de Pablo Cerezo 74, Segovia, 44917, Buenos Aires, Argentina",+34 928699049,2024-08-22 01:34:17,-34.665465,-58.519198
171,benavideshipolito@example.com,Nacio,Mena,P)0RTb5bj$,"Callejón de Olegario Folch 74 Puerta 2 , Baleares, 24357, Buenos Aires, Argentina",+34823895900,2024-04-19 16:26:30,-34.665465,-58.519198
172,ngarmendia@example.com,Clementina,Salom,ns7aTcEE6(,"Camino de Daniela Piñol 47, Zaragoza, 39136, Buenos Aires, Argentina",+34 823 427 808,2024-07-16 02:28:03,-34.665465,-58.519198
173,fortunata91@example.org,Victor,Carrión,2Iyg97Xlp$,"Calle de Bárbara Miguel 7, Vizcaya, 42043, Buenos Aires, Argentina",+34871669917,2024-12-27 16:00:32,-34.665465,-58.519198
174,ilara@example.org,Paola,Falcó,I%H6Lr8IMT,"Via de Rubén Luz 584 Piso 1 , Guipúzcoa, 44655, Buenos Aires, Argentina",+34 947 182 937,2024-02-18 05:05:32,-34.665465,-58.519198
175,vilanovacesar@example.net,Tomasa,Puig,aI^9Ji+c&*,"Rambla Simón Carrasco 71 Puerta 6 , Salamanca, 40887, Buenos Aires, Argentina",+34 862 062 550,2024-01-17 03:28:56,-34.665465,-58.519198
176,yferrandiz@example.net,Gerardo,Carrasco,4$308_3tfE,"Cuesta Lino Ballester 83, Barcelona, 38406, Buenos Aires, Argentina",+34846972576,2024-03-13 13:33:33,-34.665465,-58.519198
177,blujan@example.com,Pilar,Rojas,K*2XMQZd@b,"Vial de Nazaret Hidalgo 74, Murcia, 50550, Buenos Aires, Argentina",+34884833208,2025-02-14 12:48:38,-34.665465,-58.519198
178,modestabaro@example.com,Sigfrido,Lobo,@1VDBfoIE8,"Callejón de José Antonio Expósito 36, Tarragona, 49903, Buenos Aires, Argentina",+34885 83 80 84,2024-01-14 18:59:26,-34.665465,-58.519198
179,cabezasjose-ramon@example.com,Héctor,Zaragoza,toV6WL!j5#,"Cuesta de Julián Poza 26 Apt. 50 , Sevilla, 14428, Buenos Aires, Argentina",+34825 134 402,2023-12-31 19:40:48,-34.665465,-58.519198
180,arcocecilio@example.net,Aníbal,Iglesia,63IfLjHj)^,"Pasadizo de Ximena Aller 50 Piso 8 , Vizcaya, 39264, Buenos Aires, Argentina",+34745365696,2024-01-08 22:03:59,-34.665465,-58.519198
181,lherranz@example.net,Natalio,Salas,5q4Ja$Cu^s,"Acceso de Óscar García 44, La Coruña, 41499, Buenos Aires, Argentina",+34824 574 852,2023-09-20 20:55:02,-34.665465,-58.519198
182,plozano@example.com,Lisandro,Morata,5J&*o8zw$w,"Urbanización de Juan Luis Cerdán 692 Apt. 05 , Málaga, 08420, Buenos Aires, Argentina",+34 823820259,2024-01-31 12:23:40,-34.665465,-58.519198
183,asdrubal60@example.net,Graciano,Calatayud,#7X0RdMd&q,"Vial Corona Sales 1, León, 18668, Buenos Aires, Argentina",+34864 435 431,2024-06-03 16:53:55,-34.665465,-58.519198
184,soleraepifanio@example.net,Lucila,Oller,s3bXHk5E@U,"Via Margarita Pujadas 961, Córdoba, 42719, Buenos Aires, Argentina",+34 874609747,2024-02-27 04:10:17,-34.665465,-58.519198
185,jose-mariferreras@example.net,Victoria,Bastida,$$5Ra%p4dW,"Cañada de Gabriel Pozo 6, Baleares, 28025, Buenos Aires, Argentina",+34 980405900,2024-05-05 05:20:16,-34.665465,-58.519198
186,nogueiradario@example.com,María José,Beltrán,m@di5BVe9F,"Cuesta de Teófilo Donaire 25 Puerta 2 , Toledo, 38262, Buenos Aires, Argentina",+34613817391,2024-12-17 07:56:57,-34.665465,-58.519198
187,carboabraham@example.net,Sandra,Luna,6yQBi48g$6,"Cañada de Carmela Villegas 79, Baleares, 13990, Buenos Aires, Argentina",+34 845 18 12 70,2023-10-22 12:30:34,-34.665465,-58.519198
188,joaquin97@example.org,Lucía,Vallejo,x9S7On7v+4,"Paseo de Fanny Machado 93, Madrid, 41785, Buenos Aires, Argentina",+34984 610 063,2025-02-12 18:25:02,-34.665465,-58.519198
189,lfont@example.net,Wilfredo,Chamorro,97ajdGXr_e,"Acceso Salvador Alemany 43, Baleares, 49811, Buenos Aires, Argentina",+34 976 873 653,2023-10-06 05:26:53,-34.665465,-58.519198
190,iker86@example.org,Dimas,Gonzalez,_DRaVjR#5$,"Pasadizo Azeneth Ros 1 Apt. 45 , Ciudad, 45499, Buenos Aires, Argentina",+34841350060,2024-08-29 14:05:33,-34.665465,-58.519198
191,sabashoz@example.net,Graciana,Alegria,dI38XL#pW#,"Paseo de Vicenta Mármol 99, Cáceres, 41982, Buenos Aires, Argentina",+34 883 27 53 99,2024-08-30 05:22:37,-34.665465,-58.519198
192,susanitamorcillo@example.com,Dulce,Tolosa,791Cm%jnl+,"Cuesta de Maxi Santos 610, Toledo, 13323, Buenos Aires, Argentina",+34877 385 563,2024-11-20 00:46:30,-34.665465,-58.519198
193,maria-pilar08@example.net,Tatiana,Marco,!AT5Mr2!*s,"Paseo de Gloria Jordán 4 Apt. 20 , Santa Cruz de Tenerife, 40536, Buenos Aires, Argentina",+34 878 328 648,2025-04-16 14:44:28,-34.665465,-58.519198
194,eleuterio85@example.net,Guiomar,Mascaró,P52J3q_Q!o,"Alameda Quirino Peralta 708 Puerta 9 , Burgos, 29127, Buenos Aires, Argentina",+34 947 17 72 35,2025-01-06 21:44:50,-34.665465,-58.519198
195,aquiroga@example.com,Esmeralda,Barrera,eE8NSPQf%Q,"Cuesta de Rosaura Salamanca 8, Almería, 13940, Buenos Aires, Argentina",+34 921 50 48 35,2025-04-19 01:36:12,-34.665465,-58.519198
196,tatiana92@example.org,Arcelia,Clavero,(3Nqo^VR_s,"Vial de Hilda Barbero 74 Piso 1 , Alicante, 46452, Buenos Aires, Argentina",+34972 78 02 30,2025-04-03 00:30:33,-34.665465,-58.519198
197,saezduilio@example.com,Ramona,Martorell,ibc1LZw)r),"Cañada Merche Sanabria 84, Málaga, 43255, Buenos Aires, Argentina",+34884241842,2025-05-19 10:01:39,-34.665465,-58.519198
198,dionisio22@example.net,Leocadio,Campos,fvbWbh5Z$3,"C. María Del Carmen Sacristán 15, Castellón, 04947, Buenos Aires, Argentina",+34876 827 351,2023-08-09 13:10:08,-34.665465,-58.519198
199,palomasarabia@example.com,Sonia,Blanes,d+08K*0c7(,"Urbanización de Jose Francisco Otero 66, Valencia, 42824, Buenos Aires, Argentina",+34826023244,2024-07-14 13:01:13,-34.665465,-58.519198
200,pancho92@example.net,Xavier,Vicente,)7B&ySvUPs,"Avenida Josep Jódar 18, Ourense, 21716, Buenos Aires, Argentina",+34 878 039 863,2025-01-11 00:37:36,-34.665465,-58.519198
201,lozanobautista@example.net,Gala,Alcázar,e1JFofnz%E,"Avenida de Maura Noguera 63, Zamora, 28683, Buenos Aires, Argentina",+34877 90 25 42,2023-12-10 14:24:51,-34.665465,-58.519198
202,placido09@example.com,Artemio,Ferrándiz,dN^y1V7zoY,"Glorieta Poncio Bueno 29, Albacete, 40635, Buenos Aires, Argentina",+34 849000828,2025-01-01 00:52:51,-34.665465,-58.519198
203,yessica42@example.net,Eliana,Noguera,ArdT6dOa^(,"Alameda Pía Vázquez 92, Lleida, 50093, Buenos Aires, Argentina",+34887952817,2024-08-31 21:36:31,-34.665465,-58.519198
204,trilloroldan@example.org,Adelia,Guerrero,$xQ^X7200L,"Camino de Isaías Garrido 896 Apt. 86 , Cádiz, 50106, Buenos Aires, Argentina",+34 973 559 573,2024-10-15 10:13:23,-34.665465,-58.519198
205,ramaya@example.org,Febe,Codina,Qy&0Tk@v6w,"Alameda de Juan Manuel Porta 6, Palencia, 01987, Buenos Aires, Argentina",+34 922 19 24 53,2025-04-01 08:03:54,-34.665465,-58.519198
206,carlitocalvo@example.com,Juana,Tovar,^Gt25Qemhh,"Avenida de María Jesús Valdés 38 Piso 7 , Valladolid, 40194, Buenos Aires, Argentina",+34 923819862,2024-04-03 20:52:07,-34.665465,-58.519198
207,madrigalamelia@example.com,Marino,Estrada,&v3Im#TmA(,"Pasaje Ale Ricart 933, Granada, 20236, Buenos Aires, Argentina",+34 945 003 905,2024-09-17 22:13:25,-34.665465,-58.519198
208,serafina50@example.com,Sosimo,Ochoa,UE3k#9EnPe,"Urbanización Gisela Viña 75, Lleida, 46427, Buenos Aires, Argentina",+34 871057343,2025-05-11 08:27:22,-34.665465,-58.519198
209,celestinobou@example.com,Aitana,Vendrell,(1e8U8PbV!,"Alameda de Soledad Montenegro 86, Barcelona, 33121, Buenos Aires, Argentina",+34 920499275,2025-05-13 07:48:33,-34.665465,-58.519198
210,garzonhipolito@example.com,Azahara,Ferrán,I*e05NsrrT,"Ronda de Basilio Dominguez 32 Piso 2 , Badajoz, 08680, Buenos Aires, Argentina",+34856434299,2024-01-19 09:58:56,-34.665465,-58.519198
211,lloreteulalia@example.com,Salomón,Barreda,)Tl0G(yjPL,"C. Xavier Seco 7 Puerta 9 , Cádiz, 37776, Buenos Aires, Argentina",+34924 12 96 88,2023-09-20 20:49:35,-34.665465,-58.519198
212,angel08@example.net,Marcelo,Araujo,lb^%8H7e@9,"Vial Basilio Mesa 65, Madrid, 34676, Buenos Aires, Argentina",+34 971 867 017,2023-09-30 19:36:29,-34.665465,-58.519198
213,itello@example.org,Lucho,Sanmartín,Pg1yXngt%#,"Alameda Anacleto Sanmartín 674 Piso 7 , Ourense, 19873, Buenos Aires, Argentina",+34698 46 02 29,2024-03-09 07:37:20,-34.665465,-58.519198
214,vmanzanares@example.org,Roberto,Quirós,(&4abLyg2v,"Calle de Beatriz Soto 97 Piso 2 , Zaragoza, 47895, Buenos Aires, Argentina",+34 924946041,2023-07-21 10:20:12,-34.665465,-58.519198
215,aranaemperatriz@example.org,Amando,Olmo,0S_4HSqQ8^,"Camino Ruben Bravo 62 Apt. 92 , Tarragona, 28764, Buenos Aires, Argentina",+34879 170 553,2025-02-24 13:56:55,-34.665465,-58.519198
216,guitartdani@example.net,Maxi,Gascón,dtx88Sm+v%,"Calle de Maura Varela 48, Valladolid, 25379, Buenos Aires, Argentina",+34878913997,2024-07-10 06:22:43,-34.665465,-58.519198
217,olivedolores@example.com,Ruben,Sandoval,A4V$bEg5)R,"Cañada de Rafa Armengol 94, Guipúzcoa, 29261, Buenos Aires, Argentina",+34976 45 93 29,2025-05-12 16:03:24,-34.665465,-58.519198
218,cornelio41@example.com,Martirio,Trujillo,$G8tJMuCw@,"Urbanización Yéssica Chico 99, Santa Cruz de Tenerife, 10491, Buenos Aires, Argentina",+34 884 722 873,2024-03-10 13:22:54,-34.665465,-58.519198
219,wescudero@example.org,Eustaquio,Fuertes,$@1jZAjt3F,"Acceso Eusebio Ricart 55 Piso 6 , Toledo, 48339, Buenos Aires, Argentina",+34 981 55 43 53,2024-01-31 09:17:33,-34.665465,-58.519198
220,dcheca@example.com,Dionisia,Iñiguez,7G4XnrCyr),"Glorieta de Reynaldo Olivares 970, Zamora, 11585, Buenos Aires, Argentina",+34 844 351 981,2023-09-15 13:48:04,-34.665465,-58.519198
221,anita40@example.net,Francisco Javier,Pascual,Z2*3NiuY&Z,"Pasaje Manuela Sobrino 84 Puerta 9 , Lugo, 04808, Buenos Aires, Argentina",+34 900198526,2024-09-07 16:07:54,-34.665465,-58.519198
222,celestinogil@example.org,Clara,Arribas,i#9RLij0gc,"Plaza de Graciela Andreu 78, Cáceres, 09178, Buenos Aires, Argentina",+34 978872681,2023-09-26 09:18:28,-34.665465,-58.519198
223,gabriel76@example.com,Pastora,Cabanillas,OFbOnhE8&3,"Cañada de Lope Múñiz 6 Puerta 4 , Huelva, 19857, Buenos Aires, Argentina",+34914 952 633,2024-07-21 22:11:54,-34.665465,-58.519198
224,mbarbera@example.org,Camila,Arcos,B8N+IvsC(d,"C. de Aurora Laguna 49, Las Palmas, 08298, Buenos Aires, Argentina",+34986 80 34 63,2023-10-13 01:09:51,-34.665465,-58.519198
225,llanohortensia@example.net,Esmeralda,Escalona,1l4NFml#@1,"Via Pelayo Prat 28, Segovia, 47086, Buenos Aires, Argentina",+34 976 76 85 87,2024-04-29 04:28:53,-34.665465,-58.519198
226,ebejarano@example.net,Ciríaco,Múgica,4Ty8S6amv+,"Cañada de Sandalio Barrena 36, Álava, 36295, Buenos Aires, Argentina",+34981560441,2024-03-29 12:53:37,-34.665465,-58.519198
227,wilfredopina@example.com,Clemente,Giménez,eVg(94Vv!B,"Via Aurora Águila 810, Granada, 39212, Buenos Aires, Argentina",+34 972818892,2024-05-28 12:06:52,-34.665465,-58.519198
228,manzanoanabel@example.com,Alcides,Serra,jDo@3Knmw+,"Ronda de Sandalio Trillo 349 Puerta 3 , Murcia, 38195, Buenos Aires, Argentina",+34 946341021,2025-05-14 09:43:45,-34.665465,-58.519198
229,morenojeronimo@example.org,Odalys,Vila,&oYjTaIR^2,"Cuesta Martirio Arco 4 Apt. 76 , Álava, 14907, Buenos Aires, Argentina",+34 871 92 64 31,2025-04-19 17:09:37,-34.665465,-58.519198
230,rosalina08@example.org,Amor,Goñi,R&Z6iLpCia,"Acceso Tania Zamorano 36 Apt. 23 , Jaén, 13421, Buenos Aires, Argentina",+34886 52 41 91,2024-08-06 16:47:01,-34.665465,-58.519198
231,ugartemaxima@example.org,Candelaria,Collado,!4Ikna1CYB,"Pasadizo Flavio Gallo 6, Álava, 24149, Buenos Aires, Argentina",+34874 014 599,2025-01-27 18:52:19,-34.665465,-58.519198
232,benjamin41@example.com,Santos,Porta,&MNJRAri#5,"Rambla Casemiro Barreda 3, Álava, 43198, Buenos Aires, Argentina",+34 927 90 76 33,2023-11-24 11:41:55,-34.665465,-58.519198
233,nydia03@example.net,Joan,Mariscal,c9z4Lnkpz#,"Glorieta de Adrián Pavón 1, Málaga, 22695, Buenos Aires, Argentina",+34875 253 670,2024-02-08 14:43:40,-34.665465,-58.519198
234,marisol78@example.org,Valentina,Peñalver,!sQ0oivBh0,"Pasadizo de Iris Calleja 2 Puerta 7 , Alicante, 47161, Buenos Aires, Argentina",+34845783591,2025-05-08 08:41:14,-34.665465,-58.519198
235,victorianocabanillas@example.org,Anselmo,Llabrés,+8Vo019j1#,"Paseo de Selena Escamilla 90, Murcia, 41928, Buenos Aires, Argentina",+34858831680,2024-12-21 22:17:57,-34.665465,-58.519198
236,holler@example.org,Eugenio,Roldán,vmi2U7Jq#d,"Alameda Amarilis Pujol 5 Puerta 9 , Ourense, 25043, Buenos Aires, Argentina",+34 848 271 425,2024-10-09 12:49:31,-34.665465,-58.519198
237,maristela41@example.net,María Luisa,Gonzalez,dO32rQxW%d,"Calle de Jovita Gomila 72, Murcia, 24226, Buenos Aires, Argentina",+34848 83 83 15,2023-07-31 11:41:13,-34.665465,-58.519198
238,cruzfermin@example.com,Pilar,Sarmiento,ZewT7HEz#2,"Vial de Agustina Yáñez 1, Zaragoza, 35688, Buenos Aires, Argentina",+34975 248 168,2024-10-25 09:15:37,-34.665465,-58.519198
239,parellano@example.net,Hipólito,Casanova,3)#7)HQw9R,"Acceso Dorita Sabater 14 Apt. 02 , Cáceres, 26819, Buenos Aires, Argentina",+34 927316790,2025-04-15 17:05:47,-34.665465,-58.519198
240,anabelrivera@example.net,Gabriel,Alcántara,%FQkp5&oN9,"C. de Ascensión Poza 4, Málaga, 39475, Buenos Aires, Argentina",+34848 722 000,2023-06-02 03:43:03,-34.665465,-58.519198
241,hcoll@example.com,Fernando,Pinedo,27GQeXOn@3,"Calle de Jenny Castells 86 Puerta 1 , Valladolid, 22773, Buenos Aires, Argentina",+34888981614,2024-08-09 03:16:26,-34.665465,-58.519198
242,obduliavilaplana@example.org,Salud,Sierra,^J2xo0Ck4v,"Pasadizo Feliciana Agudo 148 Apt. 56 , Ourense, 27335, Buenos Aires, Argentina",+34 879 565 564,2023-09-21 00:26:58,-34.665465,-58.519198
243,tormoadelia@example.net,Josefa,Alemán,#0QejfcUtk,"Callejón de Erasmo Hierro 12, Soria, 29611, Buenos Aires, Argentina",+34926 52 61 20,2023-09-17 18:08:24,-34.665465,-58.519198
244,poncio38@example.org,Ruperto,Ramírez,*((9Hj(2s9,"Ronda de Aroa Vargas 96 Apt. 91 , Pontevedra, 44504, Buenos Aires, Argentina",+34942 202 386,2023-12-11 03:34:40,-34.665465,-58.519198
245,maximianopascual@example.org,Ariel,Delgado,t85Kjz@8*z,"Callejón Celso Tejedor 63 Puerta 6 , Valencia, 31274, Buenos Aires, Argentina",+34885 73 05 74,2023-07-25 19:55:48,-34.665465,-58.519198
246,cerverasonia@example.org,Nicolás,Falcón,eu(6IlgbF_,"Pasadizo Marcelino Manrique 819, Soria, 10931, Buenos Aires, Argentina",+34864046291,2024-07-27 20:13:22,-34.665465,-58.519198
247,micaela10@example.net,Hernando,Maza,*6PzRpyjO2,"Ronda de Modesto Iglesia 3 Apt. 95 , León, 15131, Buenos Aires, Argentina",+34806 28 67 21,2024-09-15 07:05:21,-34.665465,-58.519198
248,jose-ignacio81@example.org,Fabio,Castañeda,1LdsaZxg*#,"Vial de Glauco Bayona 34, Sevilla, 16200, Buenos Aires, Argentina",+34 846158768,2024-02-18 19:47:40,-34.665465,-58.519198
249,pruiz@example.com,Gerónimo,Mínguez,R$1b^O!C&a,"Vial de José Ángel Godoy 117 Puerta 2 , Cádiz, 07202, Buenos Aires, Argentina",+34 806652124,2025-02-21 07:13:55,-34.665465,-58.519198
250,rozaslaura@example.net,Manu,Montenegro,#5KJDldcVY,"Urbanización Gabriel Bayo 99 Piso 6 , Salamanca, 46563, Buenos Aires, Argentina",+34 871 10 01 02,2024-03-09 23:53:36,-34.665465,-58.519198
251,fabian60@example.org,Wilfredo,Fonseca,#6TsCteqFC,"Avenida Luis Miguel Zorrilla 2 Piso 0 , Madrid, 09918, Buenos Aires, Argentina",+34 882 92 12 37,2024-05-26 04:34:54,-34.665465,-58.519198
252,calistoarias@example.net,Macarena,Río,WG0W2SFg&E,"C. José Ángel Juan 71, Sevilla, 50297, Buenos Aires, Argentina",+34 949 41 70 99,2024-02-06 10:56:26,-34.665465,-58.519198
253,morenaviana@example.org,Matías,Llorens,!0BNgYGiKa,"Pasadizo de Chucho Calatayud 99 Apt. 43 , Ourense, 11439, Buenos Aires, Argentina",+34859773007,2025-04-04 01:04:57,-34.665465,-58.519198
254,anselmazapata@example.com,Daniela,Amat,WgPc+rzM*5,"Paseo de Zoraida Maestre 35 Puerta 8 , Granada, 02668, Buenos Aires, Argentina",+34 825 426 317,2024-08-27 12:17:46,-34.665465,-58.519198
255,layuso@example.net,Crescencia,Ayuso,_PfYj+ukY1,"Paseo Anselma Chaves 552 Puerta 9 , Cádiz, 43730, Buenos Aires, Argentina",+34 943927207,2025-05-13 13:41:56,-34.665465,-58.519198
256,loretoarjona@example.com,Olga,Acero,N)2ZHl7f*H,"Pasaje Aránzazu Fuente 22, Girona, 18097, Buenos Aires, Argentina",+34945 438 627,2023-12-12 18:18:11,-34.665465,-58.519198
257,nfabregat@example.net,Julieta,Arévalo,X1vjMG+#*x,"Rambla de Alex Palmer 63, Huesca, 03341, Buenos Aires, Argentina",+34 706 23 64 28,2023-07-17 23:36:23,-34.665465,-58.519198
258,badiasonia@example.com,Plinio,Nogueira,)PR9UBVeF8,"Ronda Feliciana Perez 204, Córdoba, 46399, Buenos Aires, Argentina",+34 988 02 67 34,2023-11-19 00:20:04,-34.665465,-58.519198
259,marcialsalcedo@example.net,Nando,Carranza,X5E(+C0g#h,"Glorieta de Clímaco Anglada 66 Apt. 98 , León, 48837, Buenos Aires, Argentina",+34 976913977,2024-06-17 22:37:00,-34.665465,-58.519198
260,pomaresbartolome@example.net,Alex,Pi,+7OmkMyFDb,"C. Ascensión Milla 89 Piso 6 , Lleida, 22287, Buenos Aires, Argentina",+34945 96 51 82,2024-07-23 10:37:41,-34.665465,-58.519198
261,zguardiola@example.com,Oriana,Cruz,#QcQoj6vV2,"Alameda Rocío Laguna 7, Toledo, 15607, Buenos Aires, Argentina",+34931 936 078,2023-11-11 19:30:53,-34.665465,-58.519198
262,haydee58@example.com,Santos,Parra,&8ITouiPFJ,"C. de Onofre Ribas 190 Apt. 97 , Zaragoza, 43787, Buenos Aires, Argentina",+34 823 86 88 86,2023-09-10 12:48:54,-34.665465,-58.519198
263,gilrosado@example.com,Rosa María,Gil,0osi!7Uq+5,"Calle de Maxi Calatayud 84, Melilla, 42160, Buenos Aires, Argentina",+34824 10 09 72,2025-02-26 01:25:26,-34.665465,-58.519198
264,acanizares@example.com,Máximo,Aragonés,l0QdLe9^*a,"Vial María Dolores Fuertes 8, León, 28686, Buenos Aires, Argentina",+34888 03 49 38,2023-05-29 11:06:05,-34.665465,-58.519198
265,epalomo@example.net,Che,Acedo,+%0y)tBw2b,"Plaza de Ignacia Castelló 69, Teruel, 46756, Buenos Aires, Argentina",+34 888 38 02 68,2024-01-17 05:12:15,-34.665465,-58.519198
266,pardojose-angel@example.com,Viviana,Pont,&1Z#$qkpc7,"Acceso de Pastora Girona 4 Apt. 48 , Valencia, 14405, Buenos Aires, Argentina",+34975 198 694,2023-08-11 21:45:52,-34.665465,-58.519198
267,ycamara@example.org,Isa,Buendía,IX5Q3Pjw@6,"Plaza Feliciana Llano 51 Puerta 6 , Cuenca, 46810, Buenos Aires, Argentina",+34 958515842,2023-11-25 10:48:10,-34.665465,-58.519198
268,mpelaez@example.org,Cesar,Pintor,!PKJS$vmG8,"Cañada Merche Canet 89 Apt. 20 , Tarragona, 12223, Buenos Aires, Argentina",+34977 598 599,2024-08-25 03:18:35,-34.665465,-58.519198
269,riusambrosio@example.net,Rocío,Barceló,p2&$+Yg#$U,"C. de Juan Pablo Caparrós 42, Huesca, 29299, Buenos Aires, Argentina",+34881 294 232,2024-08-17 21:37:41,-34.665465,-58.519198
270,sbuendia@example.org,Galo,Paniagua,J*J@9DPxMm,"Plaza de Dan Gracia 74, Teruel, 03527, Buenos Aires, Argentina",+34828468024,2024-07-01 15:00:08,-34.665465,-58.519198
271,mario33@example.net,Poncio,Solsona,FQW5XiuI^C,"Vial Emperatriz Robles 766 Puerta 1 , Zamora, 51791, Buenos Aires, Argentina",+34823 621 160,2024-03-02 06:52:36,-34.665465,-58.519198
272,veronica64@example.org,Gabriela,Codina,%6BteCfG8L,"Glorieta Eleuterio Gámez 82 Apt. 05 , Lleida, 14931, Buenos Aires, Argentina",+34886 107 680,2024-06-20 02:30:23,-34.665465,-58.519198
273,genovevacorbacho@example.com,Elvira,Pérez,%%5J@VAf7i,"C. Lidia Dominguez 71 Piso 4 , La Coruña, 17617, Buenos Aires, Argentina",+34 944 33 06 39,2024-05-13 09:49:52,-34.665465,-58.519198
274,amancio73@example.com,Clemente,Iglesias,s&3rYaUpTU,"Rambla de Claudio Sans 76 Puerta 2 , Alicante, 06309, Buenos Aires, Argentina",+34 921432706,2025-01-24 06:46:57,-34.665465,-58.519198
275,marquesvasco@example.net,Celia,Estevez,^RN5PBhdQG,"Pasaje de Visitación Núñez 8, Guadalajara, 18655, Buenos Aires, Argentina",+34 947 824 566,2025-03-24 15:26:09,-34.665465,-58.519198
276,violeta96@example.org,Juan Antonio,Hernández,@v8eOLeG0!,"Ronda Jovita Quiroga 91 Apt. 63 , Ceuta, 34516, Buenos Aires, Argentina",+34 928980933,2025-04-16 03:08:34,-34.665465,-58.519198
277,canterohaydee@example.org,Cirino,Saez,_8Mpp2d3f1,"C. de Pía Fuente 222, Cantabria, 35450, Buenos Aires, Argentina",+34 920214489,2025-05-16 14:19:00,-34.665465,-58.519198
278,jmoya@example.com,Aurelia,Malo,^qp4fWoWe_,"Calle de Rafaela Armengol 1 Puerta 4 , Lleida, 48229, Buenos Aires, Argentina",+34842 502 504,2024-01-25 09:55:57,-34.665465,-58.519198
279,manuela37@example.com,Nando,Martorell,(8JI@eHqwp,"Calle de Reynaldo Torrents 77, Melilla, 09313, Buenos Aires, Argentina",+34807 482 171,2024-01-11 09:12:15,-34.665465,-58.519198
280,ycatalan@example.com,Nacho,Osuna,$9QdYuPs@0,"C. Jenaro Rosselló 29 Apt. 64 , Cantabria, 03063, Buenos Aires, Argentina",+34871563143,2024-04-19 02:00:11,-34.665465,-58.519198
281,iniestaangelica@example.org,Mercedes,Guillen,(6D78vMuG2,"Ronda de Marcio Abella 82, Soria, 40197, Buenos Aires, Argentina",+34 879 84 99 65,2024-11-01 16:31:09,-34.665465,-58.519198
282,tchamorro@example.org,Noé,Robledo,cdpItxN$@6,"Rambla de Luis Miguel Espada 7, Soria, 13294, Buenos Aires, Argentina",+34 841 792 076,2024-06-29 17:06:56,-34.665465,-58.519198
283,lunaheredia@example.net,Emiliana,Blázquez,%MTLVfd(R6,"Avenida de Adelardo Canales 21 Apt. 11 , Ciudad, 10023, Buenos Aires, Argentina",+34 988283339,2023-05-26 06:35:49,-34.665465,-58.519198
284,dulcevalderrama@example.net,Ariel,Vives,!drP#gCs9m,"Urbanización María José Huguet 33 Puerta 8 , Granada, 08387, Buenos Aires, Argentina",+34985456222,2025-03-31 11:13:25,-34.665465,-58.519198
285,anicompany@example.org,Benigna,Tudela,_7!u93Ico4,"Alameda de Pancho Maldonado 92, Burgos, 35317, Buenos Aires, Argentina",+34 986 328 351,2024-01-30 22:52:16,-34.665465,-58.519198
286,tbarrios@example.com,Cecilia,Prieto,6*7n7A4pB*,"Plaza Luciana Borja 86, Girona, 17705, Buenos Aires, Argentina",+34807 75 92 25,2023-05-31 20:08:53,-34.665465,-58.519198
287,asuncionexposito@example.net,Teodosio,Bayona,Ei#2Bqcr#N,"Calle César Noriega 63 Puerta 4 , Barcelona, 37916, Buenos Aires, Argentina",+34948810873,2023-08-21 03:32:05,-34.665465,-58.519198
288,amorosperla@example.org,Gloria,Calderon,)*5KmR4M)$,"Plaza Reyna Bárcena 29 Apt. 33 , Navarra, 22577, Buenos Aires, Argentina",+34 981299725,2023-07-03 10:00:00,-34.665465,-58.519198
289,mendozahilda@example.com,José Mari,Agudo,XR!0_Iit#u,"Vial de Berto Martin 9, Asturias, 07447, Buenos Aires, Argentina",+34923528771,2024-09-06 02:30:22,-34.665465,-58.519198
290,npuente@example.com,Francisco Javier,Ávila,sM&93HgcQ(,"Urbanización Apolinar Prats 72 Apt. 69 , Asturias, 37868, Buenos Aires, Argentina",+34 873 878 437,2024-09-28 15:22:15,-34.665465,-58.519198
291,nuria19@example.org,Aarón,Maldonado,DdK+5Tia+j,"Rambla Custodio Ureña 52 Puerta 0 , Jaén, 14359, Buenos Aires, Argentina",+34944 127 947,2023-09-15 11:27:19,-34.665465,-58.519198
292,sosimo25@example.com,Virginia,Camino,H*X8KV&ckA,"Pasadizo Corona López 2 Puerta 7 , Cádiz, 23062, Buenos Aires, Argentina",+34854 118 437,2024-08-27 13:51:49,-34.665465,-58.519198
293,rupertaguardia@example.net,Natalia,Tomé,!S!q5jKvP9,"Ronda Teo Feliu 60, Huesca, 19881, Buenos Aires, Argentina",+34817 24 73 17,2023-08-26 03:32:49,-34.665465,-58.519198
294,cjordan@example.com,Itziar,Manzano,&u!9GUxTB*,"Via de Apolonia Bermudez 9 Piso 8 , Vizcaya, 43130, Buenos Aires, Argentina",+34 800 12 78 97,2024-08-27 02:44:31,-34.665465,-58.519198
295,melania04@example.org,Victor Manuel,Dávila,gh7V9KC_D!,"Callejón Tomasa Carbó 695 Piso 1 , Málaga, 40278, Buenos Aires, Argentina",+34947 31 45 84,2023-05-27 16:31:55,-34.665465,-58.519198
296,lupitacrespo@example.com,Maxi,Cortes,*nI)0ee$5d,"Callejón Domingo Gonzalez 22, Lleida, 23732, Buenos Aires, Argentina",+34743 603 400,2024-12-29 21:00:38,-34.665465,-58.519198
297,arnaizangelina@example.org,Asunción,Alberto,*$3HZ@pNIY,"Paseo de Abigaíl Miranda 52 Apt. 80 , Huelva, 01032, Buenos Aires, Argentina",+34 878447235,2025-03-28 14:43:20,-34.665465,-58.519198
298,santosmas@example.com,Nadia,Pintor,)zZ6so+F2O,"Pasaje de Margarita Aguiló 23 Puerta 1 , Albacete, 23843, Buenos Aires, Argentina",+34 987027785,2023-12-30 08:35:38,-34.665465,-58.519198
299,mirandanacio@example.com,Norberto,Godoy,!f!J*Y%&&8,"Callejón Norberto Almeida 2 Apt. 44 , Ceuta, 25614, Buenos Aires, Argentina",+34 821 71 57 33,2023-07-07 18:57:57,-34.665465,-58.519198
300,segarrajose-mari@example.com,Nicolasa,Díez,w6RkjpU0%*,"Calle Sosimo Nicolau 76, Teruel, 45059, Buenos Aires, Argentina",+34 878 492 946,2023-12-23 16:00:07,-34.665465,-58.519198
301,harribas@example.org,Amarilis,Moya,c21KMLhqa),"Pasaje Danilo Robledo 30, Barcelona, 10670, Buenos Aires, Argentina",+34877 46 84 92,2024-03-09 20:57:27,-34.665465,-58.519198
302,vascoredondo@example.net,Jordi,Sainz,_IDBERl7p5,"Calle de Joaquín Mora 65 Apt. 60 , Granada, 45334, Buenos Aires, Argentina",+34901771106,2024-01-13 07:04:02,-34.665465,-58.519198
303,maldonadoabigail@example.com,Martirio,Barriga,^6CUb3F%7X,"Alameda de Anacleto Catalá 967 Puerta 7 , Málaga, 02432, Buenos Aires, Argentina",+34 888 40 35 52,2025-02-12 15:05:25,-34.665465,-58.519198
304,chelo53@example.com,Ángeles,Puerta,BL0DPWxq@b,"Pasadizo Ovidio Buendía 64, Madrid, 35126, Buenos Aires, Argentina",+34735588580,2024-11-19 10:30:24,-34.665465,-58.519198
305,franciscocuevas@example.com,Anita,Viana,L46T#3Jg$!,"Via de Julio Escalona 36 Puerta 5 , Las Palmas, 48218, Buenos Aires, Argentina",+34 973 603 882,2024-05-15 14:26:29,-34.665465,-58.519198
306,bernabemolins@example.com,Hernando,Alcázar,8x6eLaTzR&,"Acceso Ruperta Vila 31, Baleares, 28430, Buenos Aires, Argentina",+34 826 58 38 50,2023-12-22 06:53:10,-34.665465,-58.519198
307,villenafermin@example.com,Toni,Rodrigo,@BqwMtrX9Z,"Paseo Leonardo Cuervo 91 Piso 0 , Ciudad, 31283, Buenos Aires, Argentina",+34957 464 822,2023-06-19 02:29:52,-34.665465,-58.519198
308,rsole@example.net,Reina,Ferrera,!t^0MhbI3B,"Cuesta Roberta Nadal 43 Piso 2 , Las Palmas, 13266, Buenos Aires, Argentina",+34872 83 78 94,2023-12-29 19:07:51,-34.665465,-58.519198
309,casasrufino@example.org,Jose Francisco,Galan,2EFBp5FE$n,"Calle de Pili Carnero 70, Cantabria, 32774, Buenos Aires, Argentina",+34 875 67 27 49,2024-09-27 22:36:39,-34.665465,-58.519198
310,alberto42@example.com,Melania,Rius,+3Dtxz(iUh,"Cañada Jaime Egea 540, Ceuta, 01238, Buenos Aires, Argentina",+34938 54 52 05,2024-01-28 11:50:06,-34.665465,-58.519198
311,isidorocerro@example.org,Noelia,Chico,)64VUirzfp,"Glorieta Rolando Roca 94, Guipúzcoa, 34272, Buenos Aires, Argentina",+34 988 37 55 38,2024-12-05 06:24:08,-34.665465,-58.519198
312,abel42@example.org,Quirino,Gutiérrez,AZ7LFokX##,"Rambla de Noa Montenegro 70, Asturias, 14715, Buenos Aires, Argentina",+34 883 52 11 98,2025-01-20 19:21:55,-34.665465,-58.519198
313,kleon@example.org,Jordán,Casal,%!8EHJqJ*s,"Avenida Ramiro Pinedo 82, Granada, 26445, Buenos Aires, Argentina",+34827 188 003,2023-12-24 13:04:02,-34.665465,-58.519198
314,amarilisleiva@example.org,Perla,Puig,Ie2CzpOy&V,"Vial de José Manuel Agullo 57 Puerta 7 , Castellón, 49840, Buenos Aires, Argentina",+34981 503 660,2024-06-20 08:55:43,-34.665465,-58.519198
315,batallalope@example.com,Eugenio,Robles,1W@ZN$zp+@,"Cuesta Ana Martín 23, Burgos, 09402, Buenos Aires, Argentina",+34 976824325,2024-08-31 06:19:16,-34.665465,-58.519198
316,reciomariana@example.com,Borja,Cornejo,^8pQwT9JqT,"Paseo Teo Guerrero 794 Puerta 1 , La Coruña, 02578, Buenos Aires, Argentina",+34981 144 979,2023-09-21 22:36:47,-34.665465,-58.519198
317,victoriano07@example.com,Alicia,Calderon,u&_8KsnAg7,"Via María José Casanovas 69, Guipúzcoa, 34964, Buenos Aires, Argentina",+34976 63 44 23,2024-12-26 08:20:47,-34.665465,-58.519198
318,luis35@example.org,Fabiola,Zamorano,Mq7kCK8O8#,"Alameda Iris Saura 4, León, 12724, Buenos Aires, Argentina",+34 887 361 353,2024-01-19 02:58:55,-34.665465,-58.519198
319,jose-manuelpina@example.org,María Carmen,Rosell,x3rWAryr_d,"Vial Laura Noguera 41, Ceuta, 30082, Buenos Aires, Argentina",+34 875 922 937,2023-07-07 18:40:03,-34.665465,-58.519198
320,figlesia@example.com,Chus,Esteve,x1CeTPpK*b,"Vial Melania Sáenz 29 Puerta 6 , Melilla, 32377, Buenos Aires, Argentina",+34 876 87 35 90,2025-03-29 08:09:19,-34.665465,-58.519198
321,ruben70@example.com,Gema,Berenguer,9i@7eVRc1%,"Plaza Aitor Alcalde 53, Cuenca, 10595, Buenos Aires, Argentina",+34985 101 902,2023-11-22 08:42:24,-34.665465,-58.519198
322,monica89@example.org,Julieta,Machado,#*WOOd9gj6,"Cañada de Genoveva Osuna 9, Málaga, 03546, Buenos Aires, Argentina",+34706 707 571,2024-05-15 07:02:14,-34.665465,-58.519198
323,dalila46@example.org,Aarón,Alfonso,@40mKE&cdM,"Avenida de Ramón Sanz 674 Apt. 73 , Las Palmas, 26378, Buenos Aires, Argentina",+34 944 087 736,2023-12-21 01:02:34,-34.665465,-58.519198
324,anabelpereira@example.com,Amelia,Sierra,9K4ajhjt&D,"Paseo Buenaventura Anaya 35 Apt. 58 , Vizcaya, 51303, Buenos Aires, Argentina",+34985 20 69 98,2023-10-15 02:02:34,-34.665465,-58.519198
325,mirale@example.org,Amando,Almagro,(wxZky6p0E,"Cañada de Noa Carbajo 73, Madrid, 35426, Buenos Aires, Argentina",+34872 19 33 71,2025-05-19 17:24:55,-34.665465,-58.519198
326,nazaret62@example.com,Victoriano,Barco,&9GTe(coEM,"Acceso de Aarón Villa 3 Apt. 88 , Sevilla, 35322, Buenos Aires, Argentina",+34 866 112 991,2024-06-28 20:00:50,-34.665465,-58.519198
327,sandraaznar@example.org,Candelario,Cases,wI6hYmiz%$,"Callejón de Ángela Roldan 9 Piso 4 , Albacete, 50352, Buenos Aires, Argentina",+34 714863714,2023-10-16 08:54:56,-34.665465,-58.519198
328,silvajacinto@example.net,Amado,Giner,+0ZjhjBM_5,"Vial Julie Salinas 58 Puerta 7 , Soria, 30388, Buenos Aires, Argentina",+34 988 74 31 51,2024-10-17 05:27:05,-34.665465,-58.519198
329,carlosbrigida@example.com,Isabela,Alberola,3%1(9H$gJt,"Cañada de Toribio Calzada 6 Apt. 58 , Salamanca, 28271, Buenos Aires, Argentina",+34 966 37 25 11,2025-01-20 02:37:55,-34.665465,-58.519198
330,aguileracornelio@example.com,Timoteo,Bellido,4arJ6Pz&!s,"Cuesta Perlita Benavent 13 Puerta 0 , Las Palmas, 36563, Buenos Aires, Argentina",+34 823 332 885,2024-12-15 03:15:31,-34.665465,-58.519198
331,violetanunez@example.org,Bernardita,Yáñez,@KrU5JNt2!,"Urbanización de Espiridión Grande 6, Álava, 50215, Buenos Aires, Argentina",+34 976683184,2024-03-28 22:58:33,-34.665465,-58.519198
332,zcampos@example.org,Néstor,Amat,_1Z!^qy42%,"Vial Diana Otero 47 Piso 5 , Burgos, 25488, Buenos Aires, Argentina",+34803 132 675,2025-01-21 23:36:37,-34.665465,-58.519198
333,pradafrancisca@example.com,Gracia,Caballero,!gh2#SvunE,"Paseo Francisco Jose Cerdán 31 Piso 6 , Soria, 43237, Buenos Aires, Argentina",+34 961 185 572,2024-12-08 19:52:26,-34.665465,-58.519198
334,marmolpaula@example.com,Quique,Cuenca,_(KsW4Dc!!,"C. Raimundo Castejón 596 Puerta 2 , Vizcaya, 23020, Buenos Aires, Argentina",+34 988 95 03 40,2024-01-25 17:37:12,-34.665465,-58.519198
335,porfirio62@example.com,Leoncio,Contreras,J+2n(Sm8!v,"Calle Elpidio Quintana 921, Albacete, 34428, Buenos Aires, Argentina",+34878199870,2023-07-16 07:29:59,-34.665465,-58.519198
336,chus94@example.net,Ernesto,Escalona,#K9WHnmR*B,"C. Evelia Flores 6 Apt. 99 , Castellón, 41819, Buenos Aires, Argentina",+34 800759414,2023-09-13 18:06:48,-34.665465,-58.519198
337,rene64@example.net,Donato,Farré,D^BsbO(n*8,"Paseo de Clotilde Pi 719 Puerta 3 , Santa Cruz de Tenerife, 35148, Buenos Aires, Argentina",+34872326681,2024-01-03 06:33:41,-34.665465,-58.519198
338,jeremias59@example.org,Conrado,Palomo,MIF4oQSsX(,"Paseo de Samuel Marí 50, Segovia, 34165, Buenos Aires, Argentina",+34 900 762 471,2023-12-29 18:36:04,-34.665465,-58.519198
339,custodia67@example.net,Abraham,Amador,@sB2SMRp@6,"Paseo Nadia Mateos 53 Puerta 6 , Madrid, 41119, Buenos Aires, Argentina",+34901 76 62 19,2024-02-16 21:55:41,-34.665465,-58.519198
340,tapiamaria-belen@example.com,Luís,Peiró,Hg21)7Rx+o,"Avenida de Ovidio Isern 42 Apt. 19 , León, 21805, Buenos Aires, Argentina",+34 971 51 34 97,2025-01-02 18:25:28,-34.665465,-58.519198
341,fdiez@example.org,Lázaro,Bermudez,!3Uz9r&E5m,"Callejón Palmira Álvarez 12 Piso 5 , Guipúzcoa, 39968, Buenos Aires, Argentina",+34 947 92 41 50,2024-03-22 16:36:47,-34.665465,-58.519198
342,ibarratito@example.com,Florina,Baquero,i76MbO@T*x,"Plaza Noemí Arroyo 40 Apt. 22 , Valencia, 24525, Buenos Aires, Argentina",+34847 59 73 04,2023-12-15 21:16:54,-34.665465,-58.519198
343,adoraadadia@example.net,Teófilo,Sans,+bzIB4bV0s,"Pasadizo Ariadna Giner 17 Apt. 23 , Soria, 44549, Buenos Aires, Argentina",+34948 89 79 06,2024-01-09 17:42:28,-34.665465,-58.519198
344,cayetanogarrido@example.com,Adán,Escamilla,z&3mbZrm(M,"Pasadizo Cecilia Boix 21 Apt. 86 , Zaragoza, 44422, Buenos Aires, Argentina",+34827135214,2024-03-04 20:43:16,-34.665465,-58.519198
345,acostamelisa@example.org,Anastasia,Gallardo,&J6XP99lGD,"Calle de Maite Cantón 60 Puerta 3 , Melilla, 21920, Buenos Aires, Argentina",+34842 760 710,2025-05-20 13:42:53,-34.665465,-58.519198
346,eiglesias@example.net,Calista,Montesinos,#2Nj4Ih6*A,"Glorieta Ofelia Gallego 63, Cantabria, 41135, Buenos Aires, Argentina",+34987 48 58 42,2023-06-05 06:34:16,-34.665465,-58.519198
347,maria-angelesbelda@example.org,Goyo,Iniesta,(M8nHsaerX,"Glorieta de Prudencia Guijarro 97, León, 03276, Buenos Aires, Argentina",+34 902971520,2024-11-30 23:19:40,-34.665465,-58.519198
348,daniel21@example.com,Graciela,Aragonés,ctUqCKCx+9,"Urbanización Demetrio Perera 40, Valladolid, 25626, Buenos Aires, Argentina",+34 822 12 41 44,2023-08-25 09:26:25,-34.665465,-58.519198
349,portarafa@example.net,Amador,Moliner,FH5zBx9H^!,"Avenida Águeda Sanz 70 Puerta 5 , Girona, 03572, Buenos Aires, Argentina",+34 803825219,2023-06-06 23:02:55,-34.665465,-58.519198
350,romulo35@example.org,Alfonso,Losada,b(!8Eu7gnS,"Vial Marcela Martín 92 Apt. 11 , Navarra, 25864, Buenos Aires, Argentina",+34 822 56 61 75,2023-07-19 17:17:39,-34.665465,-58.519198
351,bibiana78@example.org,Encarnacion,Arnau,5o@O@(Zd#l,"Vial de Nuria Varela 81 Puerta 0 , Barcelona, 15337, Buenos Aires, Argentina",+34888 615 607,2024-12-24 07:15:04,-34.665465,-58.519198
352,oberenguer@example.org,Reina,Rivas,L1MhRJcq$w,"Avenida de Eutropio Ureña 31, Cuenca, 25823, Buenos Aires, Argentina",+34821 00 14 73,2025-02-26 05:37:16,-34.665465,-58.519198
353,juan-antoniobeltran@example.org,Rocío,Bermejo,K03W&0AwE_,"Cañada de Manu Gómez 77 Puerta 3 , Almería, 49999, Buenos Aires, Argentina",+34 924860082,2024-07-08 04:35:11,-34.665465,-58.519198
354,yroldan@example.net,María Carmen,Mayo,Q7NcUgKl%z,"Paseo Isaura Mayol 800, Girona, 21084, Buenos Aires, Argentina",+34885 292 662,2025-03-27 16:39:35,-34.665465,-58.519198
355,primitivaescriva@example.com,Asunción,Llorente,f#+1MU5fXf,"Pasadizo de Aurora Torrent 63 Piso 7 , Guadalajara, 51065, Buenos Aires, Argentina",+34973 413 287,2023-11-06 20:36:58,-34.665465,-58.519198
356,porfirio62@example.net,Pastora,Amaya,Y3dADq9k@5,"Glorieta Micaela Garay 98, Soria, 03178, Buenos Aires, Argentina",+34 973167063,2024-03-27 21:32:10,-34.665465,-58.519198
357,jordavirgilio@example.org,Florentina,Bejarano,!0(T+HQ5uQ,"Acceso de Quique Grande 86, Cuenca, 02084, Buenos Aires, Argentina",+34982 15 34 96,2025-01-17 13:06:32,-34.665465,-58.519198
358,samuelpalma@example.net,Fanny,Colom,k(+4FJiv(5,"Vial de Hugo Sanz 7 Piso 6 , La Rioja, 30403, Buenos Aires, Argentina",+34 972 108 761,2024-06-17 12:11:07,-34.665465,-58.519198
359,flillo@example.org,Gema,Tenorio,_5U3HYlXlo,"Via de Noemí Yuste 8, Badajoz, 41645, Buenos Aires, Argentina",+34 979 69 49 32,2023-08-01 23:57:34,-34.665465,-58.519198
360,vlamas@example.com,Delfina,Salmerón,VJ0MSFl8)+,"Cuesta Valentín Lillo 5 Piso 3 , Segovia, 49775, Buenos Aires, Argentina",+34 721 061 788,2024-04-19 08:52:56,-34.665465,-58.519198
361,tomasnino@example.org,Paulina,Molins,@9U9AxG@%x,"Urbanización Cristian Mercader 61 Apt. 89 , Baleares, 50946, Buenos Aires, Argentina",+34885 293 488,2025-04-18 09:34:02,-34.665465,-58.519198
362,acarrillo@example.com,Augusto,Almagro,#RAyOZucU0,"Glorieta de Brunilda Perelló 95, Cádiz, 24110, Buenos Aires, Argentina",+34 872 794 580,2025-01-04 16:35:26,-34.665465,-58.519198
363,jodarpepe@example.com,Chus,Montesinos,H&KKaz2A@0,"Ronda Adelaida Lumbreras 86 Piso 3 , Vizcaya, 16970, Buenos Aires, Argentina",+34873 449 946,2024-04-24 14:06:20,-34.665465,-58.519198
364,vicentesanmiguel@example.com,León,Mendizábal,Gc)U07DkrY,"Urbanización de Ulises Acosta 28 Puerta 4 , Palencia, 28798, Buenos Aires, Argentina",+34924981841,2024-09-25 15:10:42,-34.665465,-58.519198
365,marcelo61@example.net,Claudio,Santamaria,F)YXbr46*8,"C. de Cecilia Alcalá 13 Puerta 5 , Álava, 35038, Buenos Aires, Argentina",+34927 23 72 95,2023-07-06 05:02:52,-34.665465,-58.519198
366,ksegui@example.net,Gervasio,Gil,*#2XZMkbre,"Paseo de David Menéndez 19, Segovia, 22275, Buenos Aires, Argentina",+34820 43 05 37,2025-02-08 23:55:15,-34.665465,-58.519198
367,lcampoy@example.org,Ileana,Feijoo,^xM28W1j5d,"Paseo de Pacífica Tomé 81 Puerta 9 , Álava, 10071, Buenos Aires, Argentina",+34803558712,2023-11-20 13:51:22,-34.665465,-58.519198
368,victor-manuel61@example.com,Marisol,Tirado,hTR7OLqk!d,"Acceso de Che Llorente 12 Apt. 31 , Málaga, 08979, Buenos Aires, Argentina",+34 807 66 60 83,2024-09-11 06:43:32,-34.665465,-58.519198
369,pizarrodemetrio@example.net,Febe,Casanova,eZ8@mCWfQ_,"Avenida Benita Medina 26 Puerta 3 , Salamanca, 07477, Buenos Aires, Argentina",+34824 05 48 91,2024-04-29 20:35:38,-34.665465,-58.519198
370,herminia04@example.net,Gabino,Coello,73@ZKVhA$D,"C. de Ruben Jáuregui 758 Piso 6 , Cuenca, 16098, Buenos Aires, Argentina",+34844 686 718,2025-03-20 22:52:11,-34.665465,-58.519198
371,xvalbuena@example.net,Nydia,Mas,i0Y9WQOs%t,"Acceso María Dolores Gisbert 99, Álava, 23590, Buenos Aires, Argentina",+34 888 78 02 72,2024-05-06 01:10:47,-34.665465,-58.519198
372,matasfelisa@example.org,Dorotea,Buendía,otQ5M%6d_k,"Via de Amaro Peláez 595 Apt. 02 , Ávila, 14210, Buenos Aires, Argentina",+34987 51 92 22,2023-07-30 13:27:10,-34.665465,-58.519198
373,valentinmartorell@example.net,Balduino,Garcés,ng+1Kvg)VS,"Ronda Ruth Carbonell 51 Puerta 7 , Barcelona, 29993, Buenos Aires, Argentina",+34949 699 806,2023-09-14 20:10:06,-34.665465,-58.519198
374,lidia49@example.net,Ciro,Bernad,$Pj6sNKr@5,"Plaza de Rosaura Escalona 13 Apt. 47 , Ceuta, 19381, Buenos Aires, Argentina",+34 922483282,2025-04-07 23:00:23,-34.665465,-58.519198
375,melania21@example.org,Eusebia,Perea,!TtqHtsp80,"Camino de Enrique Milla 4 Puerta 4 , Ciudad, 12550, Buenos Aires, Argentina",+34 823689639,2025-02-21 12:56:33,-34.665465,-58.519198
376,noemorera@example.net,Florentino,Enríquez,U%QFJiVd@0,"Rambla de Regina Gelabert 32, La Rioja, 25199, Buenos Aires, Argentina",+34880 672 506,2024-11-27 02:08:13,-34.665465,-58.519198
377,masmagdalena@example.net,José Manuel,Roda,rc4iPlEI4+,"Via de Alcides Gallego 34 Piso 7 , Lugo, 49267, Buenos Aires, Argentina",+34 878 48 53 50,2024-12-21 03:34:55,-34.665465,-58.519198
378,cletoguijarro@example.com,Jenaro,Blazquez,&8XGEKrT@i,"Via Aura Abascal 16 Apt. 98 , Girona, 38981, Buenos Aires, Argentina",+34923882760,2023-07-27 07:20:53,-34.665465,-58.519198
379,gsastre@example.com,Encarna,Coronado,+J7I9kbDH),"Vial de Coral Exposito 21, Ourense, 44276, Buenos Aires, Argentina",+34888 157 867,2024-07-02 11:18:10,-34.665465,-58.519198
380,etellez@example.org,Cesar,Sanz,R3hgYyXl_(,"Vial Elena Yuste 5 Piso 1 , Álava, 34168, Buenos Aires, Argentina",+34807759129,2025-04-25 06:58:26,-34.665465,-58.519198
381,mguerra@example.org,Manuela,Cases,+3I$yamuO2,"C. de Laura Manzano 713, Girona, 38105, Buenos Aires, Argentina",+34 876 904 659,2024-10-17 16:01:31,-34.665465,-58.519198
382,elianabello@example.net,Blanca,Salamanca,fk+#ZwBK*6,"Camino Rosalina Murcia 8 Puerta 1 , Córdoba, 19196, Buenos Aires, Argentina",+34959 79 19 95,2024-06-08 10:15:10,-34.665465,-58.519198
383,eguzman@example.org,Rodolfo,Navarrete,&FXPkRfOp9,"Callejón Manu Teruel 86, Salamanca, 18386, Buenos Aires, Argentina",+34880 527 977,2025-05-05 05:51:06,-34.665465,-58.519198
384,aperera@example.org,Aura,Suárez,z7*k3HKz@U,"Camino Inocencio Barceló 91 Puerta 1 , Vizcaya, 33088, Buenos Aires, Argentina",+34974387957,2023-12-14 11:54:39,-34.665465,-58.519198
385,ilucena@example.org,Francisca,Carreño,oP1Pwoe(X!,"Glorieta Olalla Rueda 259, Valladolid, 12299, Buenos Aires, Argentina",+34902 96 45 93,2023-09-26 07:15:14,-34.665465,-58.519198
386,danvalenzuela@example.org,Loida,Mendizábal,WO079Gq&+V,"Rambla Leocadia Martín 51 Apt. 32 , Pontevedra, 14626, Buenos Aires, Argentina",+34 733 33 24 49,2024-07-19 11:55:39,-34.665465,-58.519198
387,virginiapina@example.net,Antonio,Ramos,o1*15YcsS5,"Avenida Máximo Jaén 84 Apt. 62 , Santa Cruz de Tenerife, 19509, Buenos Aires, Argentina",+34820 579 219,2024-08-05 08:28:57,-34.665465,-58.519198
388,sheras@example.org,Domitila,Seco,Vy07Pcm3T),"Urbanización de Benigno Azorin 908 Puerta 8 , Valladolid, 03553, Buenos Aires, Argentina",+34915 58 75 30,2023-09-30 01:51:55,-34.665465,-58.519198
389,evita90@example.com,Clementina,Guerra,!QC1x(*k4R,"Vial Baltasar Villena 86 Puerta 8 , Álava, 49918, Buenos Aires, Argentina",+34874 54 26 98,2024-06-14 14:11:53,-34.665465,-58.519198
390,lope95@example.net,Dulce,Neira,ES!0PldS7E,"Avenida de Carlota Sevilla 82, Guadalajara, 03168, Buenos Aires, Argentina",+34902 07 83 70,2025-01-27 12:19:31,-34.665465,-58.519198
391,teodorolumbreras@example.com,Cebrián,Herranz,2WtR&%jw$h,"Pasadizo de Jimena Lasa 27 Apt. 52 , La Coruña, 04552, Buenos Aires, Argentina",+34936012218,2024-04-07 22:40:50,-34.665465,-58.519198
392,hernandoreyna@example.net,Martin,Mayoral,^zs_4DpJy),"Ronda Loreto Mariño 8, Burgos, 51245, Buenos Aires, Argentina",+34 854655053,2024-10-24 20:47:22,-34.665465,-58.519198
393,mayteluis@example.net,Albina,Criado,+ynSzsQaX2,"Urbanización Gala Cánovas 64, Vizcaya, 08788, Buenos Aires, Argentina",+34 901308492,2023-05-22 01:19:20,-34.665465,-58.519198
394,venceslaspazos@example.com,Obdulia,Ruiz,q_3Wv(TohN,"Alameda María Luisa Cerdán 1 Puerta 4 , Navarra, 19940, Buenos Aires, Argentina",+34 847 38 60 62,2023-06-29 03:07:31,-34.665465,-58.519198
395,fabiana79@example.com,Victoriano,Prada,$i2Moy2%7d,"C. Ceferino Puerta 46, Santa Cruz de Tenerife, 51014, Buenos Aires, Argentina",+34 839 580 762,2024-03-17 01:23:54,-34.665465,-58.519198
396,manueldionisio@example.com,Prudencia,Segura,&9AaB2Kt#8,"Plaza Fito Sedano 10 Puerta 5 , Ourense, 45151, Buenos Aires, Argentina",+34874 59 81 82,2023-10-06 01:22:07,-34.665465,-58.519198
397,ygarmendia@example.org,Luisina,Español,7kvg75O15$,"Vial Amando Aguilera 92, Teruel, 03204, Buenos Aires, Argentina",+34924 997 930,2023-09-11 05:45:58,-34.665465,-58.519198
398,leonelmosquera@example.com,Tere,Galan,_EIjFcDbg9,"Urbanización de Alejandro Izquierdo 93, Málaga, 45360, Buenos Aires, Argentina",+34 744 528 377,2024-04-14 04:07:12,-34.665465,-58.519198
399,martirio60@example.com,Raquel,Ferrer,s)Xjz8Bf@P,"Urbanización Adriana Montaña 7, Valencia, 31356, Buenos Aires, Argentina",+34 823 07 00 23,2025-05-16 14:01:28,-34.665465,-58.519198
400,delgadoguadalupe@example.org,Alejandro,Torrent,z&0b!B^lQh,"Glorieta Teresita Macías 88, Pontevedra, 35242, Buenos Aires, Argentina",+34927 76 38 46,2025-03-14 07:48:00,-34.665465,-58.519198
401,llerma@example.org,Noa,Palomo,&y5P1LmQR),"Callejón de Malena Jaume 4 Piso 1 , Álava, 34858, Buenos Aires, Argentina",+34722706540,2025-04-18 05:28:24,-34.665465,-58.519198
402,marcelinoespanol@example.com,Josep,Mena,$YP7KXge2I,"Acceso de Vilma Manzanares 10 Apt. 91 , La Rioja, 27178, Buenos Aires, Argentina",+34 977 10 21 32,2025-01-06 23:54:19,-34.665465,-58.519198
403,eugenia46@example.org,Sandra,Angulo,jp1&K0Oy!h,"Urbanización Baudelio Guzman 41 Apt. 82 , Cantabria, 34868, Buenos Aires, Argentina",+34 964675456,2023-10-08 06:47:22,-34.665465,-58.519198
404,opozuelo@example.org,Francisco,Guillén,5eJsW%vG+2,"Ronda Erasmo Amador 7, Burgos, 17520, Buenos Aires, Argentina",+34 974 86 16 50,2024-12-23 20:33:57,-34.665465,-58.519198
405,america71@example.org,Saturnina,Sans,_Pxk4ViV&9,"C. Araceli Fernandez 34 Piso 9 , Alicante, 43924, Buenos Aires, Argentina",+34925 939 694,2025-01-22 12:08:16,-34.665465,-58.519198
406,ascensionsegura@example.net,Áurea,Hervia,+(6ve2Qvq!,"Pasadizo de Silvia Macias 25, Madrid, 45199, Buenos Aires, Argentina",+34 878 55 83 54,2025-02-01 08:09:42,-34.665465,-58.519198
407,figuerasbaudelio@example.org,Amaya,Malo,%11UbxD0#x,"Vial de Eli Casals 97, León, 19319, Buenos Aires, Argentina",+34848956635,2023-10-29 02:08:02,-34.665465,-58.519198
408,marcprat@example.com,Zoraida,Amorós,!kc$DCemc6,"Glorieta Angelino Girona 49 Puerta 9 , Pontevedra, 48001, Buenos Aires, Argentina",+34 948 870 456,2024-08-09 19:48:08,-34.665465,-58.519198
409,nmosquera@example.org,Berta,Becerra,(bY1hkz*5M,"Glorieta Aura Llano 10, Madrid, 47607, Buenos Aires, Argentina",+34952 38 23 34,2024-04-28 09:42:42,-34.665465,-58.519198
410,reyes43@example.com,Venceslás,Jove,$r0EeLfbjX,"Pasaje Rocío Abad 8 Piso 3 , Castellón, 25212, Buenos Aires, Argentina",+34 848 837 001,2024-11-24 10:50:50,-34.665465,-58.519198
411,nazaret41@example.com,Ana Belén,Borrego,#Wu3X0LxE_,"Ronda de Adrián Trillo 718, La Rioja, 30496, Buenos Aires, Argentina",+34875 31 28 66,2024-08-24 04:06:44,-34.665465,-58.519198
412,gabrielibarra@example.org,Gabino,Bermejo,^^Gwdx$b)8,"Pasaje de Ulises Rosales 41 Piso 9 , Cuenca, 04608, Buenos Aires, Argentina",+34 833115158,2025-04-18 22:59:50,-34.665465,-58.519198
413,rosario56@example.org,Jacobo,Fuertes,#H3XQV^qtV,"Acceso de Rosa María Tejedor 34 Apt. 15 , Huesca, 50166, Buenos Aires, Argentina",+34 875 837 149,2025-04-06 06:36:41,-34.665465,-58.519198
414,olegarioherrero@example.com,Santos,Bonet,(%8Qt9TEke,"Cuesta Saturnina Valcárcel 90, Valladolid, 08123, Buenos Aires, Argentina",+34987 079 718,2024-11-23 03:22:22,-34.665465,-58.519198
415,sayala@example.net,Heliodoro,Otero,)81AFKz80w,"Rambla de Adelaida Arnau 26, Badajoz, 49505, Buenos Aires, Argentina",+34880 11 77 70,2024-05-14 10:21:40,-34.665465,-58.519198
416,jose-luisayala@example.org,Marcos,Gómez,36YJT8ev@4,"Pasaje de Plinio Jover 5 Apt. 90 , Albacete, 33207, Buenos Aires, Argentina",+34971 345 852,2024-01-20 13:09:55,-34.665465,-58.519198
417,gasconamparo@example.net,Maristela,Gascón,&1GBkl^_2K,"Glorieta Bárbara Ojeda 88 Piso 0 , La Coruña, 50574, Buenos Aires, Argentina",+34 922 813 481,2024-03-22 03:33:49,-34.665465,-58.519198
418,larranagaignacia@example.net,Rosario,Blanca,*)U2Sy0iss,"Camino Martin Esteve 35, Granada, 25362, Buenos Aires, Argentina",+34826172387,2023-12-01 13:34:36,-34.665465,-58.519198
419,morena68@example.com,Vera,Quero,TN4LUvoKE+,"Paseo de Armando Tur 22 Apt. 15 , Madrid, 37705, Buenos Aires, Argentina",+34946563025,2023-07-23 09:16:27,-34.665465,-58.519198
420,sarco@example.com,Bernarda,Rivas,IYA0OVj0t&,"Pasaje de David Ibañez 588, Guipúzcoa, 20380, Buenos Aires, Argentina",+34 974553144,2024-04-19 10:51:13,-34.665465,-58.519198
421,gbarros@example.com,Nicanor,Ramos,_%5n*U2cN(,"Alameda Ignacia Mariño 44 Piso 6 , Guadalajara, 23098, Buenos Aires, Argentina",+34 874789642,2023-12-19 00:23:30,-34.665465,-58.519198
422,joaquin41@example.com,Tania,Calleja,*20e6TQh+2,"Calle de Jose Manuel Franco 33, Burgos, 08791, Buenos Aires, Argentina",+34 847444691,2024-10-31 19:12:32,-34.665465,-58.519198
423,saturnina38@example.com,Erasmo,Losada,&&3I%ixKVG,"Acceso Maricela Vilanova 247, Jaén, 28611, Buenos Aires, Argentina",+34926 58 41 24,2023-05-24 08:23:01,-34.665465,-58.519198
424,duranlola@example.org,Victor,Larrañaga,6DZAbSGm^b,"Avenida de Pascuala Bartolomé 87 Puerta 5 , Ávila, 22897, Buenos Aires, Argentina",+34927 22 16 01,2024-09-20 21:53:11,-34.665465,-58.519198
425,gerardorivero@example.org,Goyo,Llobet,yVl41aFzk^,"Via de Aarón Pozuelo 35, Ciudad, 24469, Buenos Aires, Argentina",+34 884 911 519,2023-07-13 01:56:11,-34.665465,-58.519198
426,benavidesalbina@example.net,Remedios,Mendizábal,N@Q1gC@1lj,"Camino de Débora Pomares 6, Vizcaya, 28998, Buenos Aires, Argentina",+34 717 90 35 10,2024-05-29 00:19:19,-34.665465,-58.519198
427,filomena75@example.com,Trinidad,Lobato,0i3+H3Ju^$,"Paseo de Lucio Crespi 6, Cantabria, 23852, Buenos Aires, Argentina",+34988 79 17 76,2023-09-20 04:33:44,-34.665465,-58.519198
428,aurora31@example.org,Teodosio,Riera,%g%#6JMpCj,"Pasadizo René Clavero 2 Puerta 3 , Toledo, 14980, Buenos Aires, Argentina",+34803506626,2023-11-17 16:55:28,-34.665465,-58.519198
429,amorante@example.com,Olimpia,Pi,G!G9A*HnG5,"C. Juan Carlos Riquelme 620 Piso 8 , Lugo, 11793, Buenos Aires, Argentina",+34 941 265 309,2023-06-26 00:20:17,-34.665465,-58.519198
430,nazaret80@example.com,Marisol,Bermejo,#GiI&g7!Q9,"Pasaje de Ciro Ledesma 184 Apt. 50 , Almería, 09003, Buenos Aires, Argentina",+34 886248191,2023-10-03 13:37:07,-34.665465,-58.519198
431,jose-angel66@example.org,Federico,Quesada,(56*NlI#@l,"Plaza de Micaela Ribes 57, Granada, 17382, Buenos Aires, Argentina",+34 924 232 940,2025-05-06 15:13:41,-34.665465,-58.519198
432,tono95@example.org,Regina,Jiménez,*u0Hh9WU(B,"C. de Isabela Sevillano 18 Puerta 8 , Córdoba, 04672, Buenos Aires, Argentina",+34859 92 56 78,2023-08-30 18:14:32,-34.665465,-58.519198
433,carmela48@example.com,Vera,Carbonell,eAyf0Mh#!q,"Glorieta Andrés Benavides 75, Cuenca, 30736, Buenos Aires, Argentina",+34858658996,2025-03-28 15:31:01,-34.665465,-58.519198
434,hvallejo@example.com,Judith,Bou,^!0IZqw8G2,"Avenida de Segismundo Alfaro 51 Apt. 20 , Alicante, 20667, Buenos Aires, Argentina",+34 945 233 761,2023-07-12 10:34:35,-34.665465,-58.519198
435,acordoba@example.org,Anastasia,Criado,$K72DSNep!,"Cañada Bernarda Company 2, Navarra, 06100, Buenos Aires, Argentina",+34745 77 33 31,2024-09-26 19:48:25,-34.665465,-58.519198
436,yamat@example.net,Jose Francisco,Mateo,zXT)4UoSCo,"Vial de Yolanda Ribes 54, Ávila, 23390, Buenos Aires, Argentina",+34 873 331 410,2024-10-15 13:24:39,-34.665465,-58.519198
437,carmina69@example.org,Lucía,Ibáñez,LU*6TCxmEH,"Urbanización de Eutimio Valls 44 Apt. 98 , Santa Cruz de Tenerife, 25292, Buenos Aires, Argentina",+34 822023901,2024-08-02 12:31:52,-34.665465,-58.519198
438,elias42@example.com,Gregorio,Tovar,!RH)uKX25d,"Cañada Evaristo Lamas 10 Puerta 1 , Navarra, 40640, Buenos Aires, Argentina",+34938 24 60 30,2023-08-09 14:15:09,-34.665465,-58.519198
439,itziartirado@example.org,Amílcar,Aroca,nvJl7n$b@1,"Via Gisela Arenas 26, Ciudad, 21957, Buenos Aires, Argentina",+34888709615,2023-10-16 13:20:00,-34.665465,-58.519198
440,alfredo80@example.org,Mariana,Almagro,HW)7*Eko5%,"Cañada Carla Garrido 60 Apt. 29 , Palencia, 10620, Buenos Aires, Argentina",+34 963 263 692,2023-07-29 02:28:53,-34.665465,-58.519198
441,pomboluna@example.org,Isaura,Iglesias,^00P9VLOtO,"Glorieta de Carlota Ariño 201 Piso 0 , Álava, 47610, Buenos Aires, Argentina",+34 877 496 369,2023-06-11 17:35:36,-34.665465,-58.519198
442,macarena20@example.net,Susanita,Adadia,&_3NnRb$tF,"Rambla de Lupe Cózar 458 Puerta 5 , Ceuta, 04463, Buenos Aires, Argentina",+34 845 877 855,2024-02-15 15:13:40,-34.665465,-58.519198
443,villalongamanolo@example.net,Jorge,Murillo,iG7yKou9($,"Calle Luís Fabra 20 Piso 5 , Ourense, 45949, Buenos Aires, Argentina",+34 901 662 034,2024-02-13 04:31:21,-34.665465,-58.519198
444,cnunez@example.com,Adela,Ibarra,@f9eDxF%F+,"C. de Encarnacion Molins 8 Puerta 1 , Salamanca, 37799, Buenos Aires, Argentina",+34 978010696,2024-04-21 21:29:53,-34.665465,-58.519198
445,domingojulia@example.org,Eutimio,Moliner,$R9lrFOp#b,"Callejón María Manuela Lladó 81, León, 48909, Buenos Aires, Argentina",+34848 86 90 23,2024-07-11 18:12:43,-34.665465,-58.519198
446,aura60@example.net,Adelardo,Mendoza,&euq2WbH7#,"Via de Almudena Bastida 21 Apt. 50 , Lleida, 42513, Buenos Aires, Argentina",+34807 146 101,2024-05-09 20:36:55,-34.665465,-58.519198
447,ballesterflorencio@example.org,Olalla,Mena,PR4vUIoA__,"Camino Vidal Estévez 1 Puerta 3 , Valencia, 27461, Buenos Aires, Argentina",+34 879 76 48 96,2023-08-29 22:56:04,-34.665465,-58.519198
448,tomas15@example.org,Emelina,Tomás,n^I6FW8bCq,"Via de Olegario Cardona 4, La Rioja, 44910, Buenos Aires, Argentina",+34 879 930 457,2023-12-25 19:09:55,-34.665465,-58.519198
449,florencioginer@example.org,Hermenegildo,Mosquera,A96y+hNn@n,"Via de Fernanda Alcalá 522 Puerta 1 , Cantabria, 25709, Buenos Aires, Argentina",+34 967 567 879,2025-04-11 06:12:08,-34.665465,-58.519198
450,encarna17@example.com,Evita,Gimeno,^70EoOtFZQ,"C. Ileana Flor 1, Tarragona, 08010, Buenos Aires, Argentina",+34 979 50 21 44,2024-04-03 15:01:53,-34.665465,-58.519198
451,evaacosta@example.net,Américo,Laguna,_XfYo3ElH0,"Callejón Felipa Mercader 39, Lleida, 06322, Buenos Aires, Argentina",+34 901 67 88 29,2024-01-25 06:44:32,-34.665465,-58.519198
452,ferranvaleria@example.com,Matías,Galván,aB_4bhPjFw,"Plaza de Carmina Merino 386 Apt. 43 , Zamora, 10397, Buenos Aires, Argentina",+34871208463,2024-11-24 04:36:41,-34.665465,-58.519198
453,monicanogues@example.net,Paulina,Valenciano,ouy3u%Eq+$,"Acceso de Teodora Cifuentes 510, Almería, 50920, Buenos Aires, Argentina",+34923 79 73 21,2023-11-23 05:44:56,-34.665465,-58.519198
454,rolando37@example.net,Elías,Quero,l8y7ZIXn*7,"Acceso de Rodrigo Lladó 34, Ceuta, 43570, Buenos Aires, Argentina",+34947 551 816,2025-01-16 12:20:41,-34.665465,-58.519198
455,maximianoosuna@example.net,María Teresa,Cordero,+4XM0RaxM1,"C. Angélica Saldaña 59 Piso 3 , Ourense, 51076, Buenos Aires, Argentina",+34826 514 125,2025-04-07 01:22:39,-34.665465,-58.519198
456,pliniovillaverde@example.net,Xiomara,Luján,i8_0OmRI#&,"Rambla de Roxana Feliu 630 Apt. 74 , Murcia, 05622, Buenos Aires, Argentina",+34849172158,2024-05-14 02:24:08,-34.665465,-58.519198
457,escalonaulises@example.net,Tomás,Cárdenas,l1PSVPUm*%,"Calle de Sandalio Sandoval 621 Apt. 97 , Álava, 06926, Buenos Aires, Argentina",+34 900168562,2025-01-01 14:38:42,-34.665465,-58.519198
458,edu68@example.com,Venceslás,Arribas,^4qRPoAyV7,"Cuesta de Leyre Roura 852, Las Palmas, 44683, Buenos Aires, Argentina",+34983387312,2024-10-17 17:50:17,-34.665465,-58.519198
459,serranoolga@example.org,Porfirio,Nicolau,((4XJsLqH8,"Ronda de Diana Niño 4 Puerta 1 , Cáceres, 30269, Buenos Aires, Argentina",+34876398534,2023-09-26 01:20:47,-34.665465,-58.519198
460,fulgencioyanez@example.org,Albino,Salvador,df2!SMr@+4,"Vial de Isabel Pastor 286, Cádiz, 34945, Buenos Aires, Argentina",+34 888 128 476,2025-01-13 12:59:40,-34.665465,-58.519198
461,lazaro27@example.org,Leonardo,Amador,$Bt8SxtV51,"Acceso Amparo Zabala 96 Piso 6 , Jaén, 19520, Buenos Aires, Argentina",+34 884 74 28 87,2025-01-12 07:14:43,-34.665465,-58.519198
462,dherrera@example.com,Aura,Gómez,Bh#%3WtrVl,"Calle de Norberto Fernández 7, Albacete, 37783, Buenos Aires, Argentina",+34 921188935,2023-07-06 13:25:15,-34.665465,-58.519198
463,juan-manuel18@example.org,Encarnita,Quero,x_7JwUjKsd,"Avenida Guadalupe Tenorio 79 Puerta 6 , La Rioja, 15715, Buenos Aires, Argentina",+34982016984,2024-01-04 20:22:23,-34.665465,-58.519198
464,tcosta@example.net,Pilar,Sotelo,(+DSsJkaE6,"Pasaje de Amada Roig 798, Córdoba, 27311, Buenos Aires, Argentina",+34826215704,2024-12-22 16:04:29,-34.665465,-58.519198
465,nazaret11@example.com,Arsenio,Tudela,!TqFOatN(7,"Urbanización Liliana Tomas 63 Apt. 76 , Teruel, 34465, Buenos Aires, Argentina",+34931 305 554,2025-02-05 18:55:58,-34.665465,-58.519198
466,omar81@example.org,Lola,Villanueva,M##P7FLmdx,"Pasaje de Olegario Valderrama 73 Puerta 5 , Melilla, 15443, Buenos Aires, Argentina",+34901 330 016,2024-12-19 08:04:24,-34.665465,-58.519198
467,suredadelfina@example.com,Isabela,Plaza,B4ZJVsX_)d,"Paseo Amparo Fernández 97 Puerta 1 , Málaga, 09509, Buenos Aires, Argentina",+34 986 637 810,2024-11-19 22:02:58,-34.665465,-58.519198
468,cerverajose-angel@example.net,Arcelia,Azorin,f%$f0UctgV,"Ronda Adán Chaves 66, Palencia, 26532, Buenos Aires, Argentina",+34 886137708,2024-11-26 11:59:38,-34.665465,-58.519198
469,pmadrid@example.net,Arcelia,Colomer,@2w_Wucs@N,"Urbanización de Angelita Huguet 73 Apt. 50 , Tarragona, 40925, Buenos Aires, Argentina",+34864507881,2023-11-18 19:25:12,-34.665465,-58.519198
470,narcisabejarano@example.net,Emperatriz,Velázquez,#kQa6QIp_t,"Cañada de Águeda Rubio 73 Puerta 1 , Navarra, 41548, Buenos Aires, Argentina",+34729 144 400,2025-01-18 05:01:45,-34.665465,-58.519198
471,jenaro61@example.net,Mateo,Chaves,#&1*9P$r)N,"Vial Jacinta Gutiérrez 80 Puerta 7 , Ourense, 34453, Buenos Aires, Argentina",+34880691674,2024-09-14 12:59:13,-34.665465,-58.519198
472,barbachelo@example.org,Teodora,Bustamante,%0pEWrxMW0,"Cuesta Juan Luis Blázquez 21 Apt. 38 , Barcelona, 16815, Buenos Aires, Argentina",+34877 37 06 77,2025-05-01 19:17:48,-34.665465,-58.519198
473,hbernal@example.org,Ximena,Hoz,Q(0FNnKw5*,"Glorieta Joaquina Larrea 294 Puerta 8 , Toledo, 03431, Buenos Aires, Argentina",+34 845724427,2023-12-02 14:53:27,-34.665465,-58.519198
474,almudenajulian@example.org,Maxi,Palacio,^jO_Oiw$n3,"Glorieta Félix Pallarès 11 Piso 8 , Sevilla, 22550, Buenos Aires, Argentina",+34887 01 46 12,2025-03-13 19:18:42,-34.665465,-58.519198
475,ocerezo@example.net,Luis Ángel,Gelabert,@9SQAc4P5C,"Vial Ambrosio Linares 361, Cuenca, 24111, Buenos Aires, Argentina",+34 807 06 34 72,2024-03-13 14:40:12,-34.665465,-58.519198
476,qvall@example.net,Gervasio,Anglada,$8Z90yjh9e,"Rambla Fernando Alegre 3 Puerta 5 , Almería, 21898, Buenos Aires, Argentina",+34 984 641 245,2025-02-06 13:02:54,-34.665465,-58.519198
477,ruth90@example.com,Ramón,Somoza,T)2Nbj@!US,"Glorieta de Rosalina Goñi 6 Piso 2 , Guipúzcoa, 27467, Buenos Aires, Argentina",+34 972028022,2023-09-03 04:48:31,-34.665465,-58.519198
478,atilio05@example.org,Prudencio,Mendoza,JMQ#2JWg8(,"C. de Edelmira Valbuena 40, Girona, 08868, Buenos Aires, Argentina",+34 875 07 48 96,2024-06-03 11:03:49,-34.665465,-58.519198
479,amparosolsona@example.net,María,Prieto,Of9BpVM*+),"Camino de Amanda Valentín 46, Valencia, 05255, Buenos Aires, Argentina",+34803 484 844,2024-07-28 01:37:59,-34.665465,-58.519198
480,atilio28@example.org,Reynaldo,Pareja,0UFx&ojc)5,"Pasadizo Herberto Hervás 991, Salamanca, 23186, Buenos Aires, Argentina",+34 814 276 288,2024-07-20 23:57:04,-34.665465,-58.519198
481,hgabaldon@example.com,Nilda,Pagès,9mYKvwoX+),"Alameda Inocencio Huertas 40 Piso 9 , Badajoz, 26839, Buenos Aires, Argentina",+34 887 19 77 41,2024-08-23 16:09:26,-34.665465,-58.519198
482,jmas@example.org,Godofredo,Casanovas,%HJ1ZVk1n7,"Cuesta Lucía Ródenas 91, Navarra, 32693, Buenos Aires, Argentina",+34 927 14 65 99,2025-03-21 16:36:35,-34.665465,-58.519198
483,arribasjose-ramon@example.net,Javier,Valverde,!g+Iz6^y6^,"Via Asunción Durán 86, Baleares, 19234, Buenos Aires, Argentina",+34 806 29 61 00,2024-10-04 12:44:46,-34.665465,-58.519198
484,leoneldiaz@example.org,Chus,Reina,rLa8CxRGQ$,"Pasaje de Estrella Ferrando 1 Piso 9 , Zamora, 23462, Buenos Aires, Argentina",+34 925101169,2024-01-25 02:53:29,-34.665465,-58.519198
485,ripollluis-angel@example.com,Débora,Armas,lp&&y6FgUc,"Alameda de Macario Morata 96, Tarragona, 44224, Buenos Aires, Argentina",+34924625795,2023-12-31 03:45:34,-34.665465,-58.519198
486,falconbernardita@example.org,María Teresa,Alberola,%2T_2@T7ul,"Acceso Efraín Beltran 53 Puerta 1 , Teruel, 47913, Buenos Aires, Argentina",+34 723 789 646,2024-01-05 23:38:34,-34.665465,-58.519198
487,solanazaret@example.net,Aristides,Diaz,vQZ6@Hnd&5,"Camino de Evangelina Gimenez 8, Soria, 01863, Buenos Aires, Argentina",+34 912622676,2024-01-05 02:25:59,-34.665465,-58.519198
488,nmercader@example.org,Graciano,Arroyo,sU9mtUfGh#,"Cuesta Apolinar Cuervo 69 Apt. 26 , Valencia, 39916, Buenos Aires, Argentina",+34920234907,2024-09-04 03:03:44,-34.665465,-58.519198
489,paca32@example.org,Bibiana,Luz,%wEPM(_q0$,"Rambla de Nidia Peinado 82, Córdoba, 13570, Buenos Aires, Argentina",+34739 266 994,2023-11-27 20:52:31,-34.665465,-58.519198
490,ncorral@example.net,Fabricio,Sevilla,wT66nFuq$h,"Acceso Conrado Solé 71, Toledo, 31829, Buenos Aires, Argentina",+34878 61 91 26,2025-05-03 05:03:59,-34.665465,-58.519198
491,elena34@example.com,Martirio,Torrent,fW7Vqo7h^d,"Rambla de Juanito Pulido 896, Álava, 42944, Buenos Aires, Argentina",+34972 38 04 82,2024-08-24 07:26:54,-34.665465,-58.519198
492,tania08@example.com,Dulce,Uría,f9Wp8W8L#4,"Vial de Marisol Blazquez 44, Santa Cruz de Tenerife, 13914, Buenos Aires, Argentina",+34732 783 012,2023-12-01 16:58:34,-34.665465,-58.519198
493,carlacastro@example.org,Rodrigo,Valenzuela,v+lZ1reh+9,"Via de Regina Casanovas 8, Madrid, 30953, Buenos Aires, Argentina",+34986 38 91 99,2023-06-22 06:21:30,-34.665465,-58.519198
494,amorosmaxi@example.org,Jennifer,Tenorio,c2!(3Wl(K_,"Camino de Alcides Pozo 44 Puerta 5 , Huesca, 21957, Buenos Aires, Argentina",+34958 394 991,2024-01-21 21:54:20,-34.665465,-58.519198
495,petrona14@example.com,Borja,Valenciano,&9aXfDtOip,"Calle de Visitación Vazquez 2 Piso 9 , Salamanca, 41959, Buenos Aires, Argentina",+34 846 01 43 92,2024-11-24 08:42:07,-34.665465,-58.519198
496,borregograciana@example.org,Joaquín,Morata,&7Xu^UjHw!,"Plaza de Alfredo Matas 64, Ávila, 30255, Buenos Aires, Argentina",+34 984 185 128,2024-12-18 10:46:16,-34.665465,-58.519198
497,espiridion57@example.net,Claudio,Goñi,P3)7MVjsN@,"C. Paloma Lucas 53, Cantabria, 32229, Buenos Aires, Argentina",+34 842 25 34 83,2024-01-03 12:59:51,-34.665465,-58.519198
498,reina77@example.org,Anunciación,Gual,OC%96Jgf!C,"Glorieta de Primitiva Hoyos 35 Apt. 87 , Álava, 25929, Buenos Aires, Argentina",+34979742607,2023-11-06 03:10:34,-34.665465,-58.519198
499,ctenorio@example.org,Margarita,Coloma,z$w6Qikru^,"Urbanización de Silvestre Iñiguez 487 Piso 1 , Murcia, 49099, Buenos Aires, Argentina",+34 900 77 72 84,2024-03-31 07:09:23,-34.665465,-58.519198
500,atienzaprimitiva@example.org,Elías,Castejón,I78JFj1S(T,"Alameda de Noé Elorza 17, Cuenca, 06873, Buenos Aires, Argentina",+34877 07 48 43,2023-07-06 04:24:35,-34.665465,-58.519198
