imagen_id,producto_id,url,descripcion,fecha_creacion
101,101,https://misitio.com/img/pizza_muzzarella_1.jpg,Imagen de Pizza Muzzarella,2025-05-12 02:54:04
102,102,https://misitio.com/img/officiis_enim_1.jpg,Imagen de Officiis enim,2025-05-14 02:54:04
103,103,https://misitio.com/img/numquam_laboriosam_1.jpg,Imagen de Numquam laboriosam,2025-05-13 02:54:04
104,104,https://misitio.com/img/eveniet_exercitationem_1.jpg,Imagen de Eveniet exercitationem,2025-05-09 02:54:04
105,105,https://misitio.com/img/mollitia_qui_1.jpg,Imagen de Mollitia qui,2025-05-08 02:54:04
106,106,https://misitio.com/img/officia_vel_1.jpg,Imagen de Officia vel,2025-05-14 02:54:04
107,107,https://misitio.com/img/ipsam_molestias_1.jpg,Imagen de Ipsam molestias,2025-05-13 02:54:04
108,108,https://misitio.com/img/doloremque_architecto_1.jpg,Imagen de Doloremque architecto,2025-05-13 02:54:04
109,109,https://misitio.com/img/pizza_napolitana_1.jpg,Imagen de Pizza Napolitana,2025-05-14 02:54:04
110,110,https://misitio.com/img/lasagna_1.jpg,Imagen de Lasagna,2025-05-13 02:54:04
201,201,https://misitio.com/img/nihil_sequi_2.jpg,Imagen de Nihil sequi,2024-06-29 06:12:37
202,202,https://misitio.com/img/distinctio_quas_2.jpg,Imagen de Distinctio quas,2024-07-02 06:12:37
203,203,https://misitio.com/img/nachos_2.jpg,Imagen de Nachos,2024-06-29 06:12:37
204,204,https://misitio.com/img/enchiladas_2.jpg,Imagen de Enchiladas,2024-06-29 06:12:37
205,205,https://misitio.com/img/molestiae_earum_2.jpg,Imagen de Molestiae earum,2024-07-02 06:12:37
206,206,https://misitio.com/img/porro_ut_2.jpg,Imagen de Porro ut,2024-07-01 06:12:37
207,207,https://misitio.com/img/quesadillas_2.jpg,Imagen de Quesadillas,2024-07-05 06:12:37
208,208,https://misitio.com/img/molestiae_aliquam_2.jpg,Imagen de Molestiae aliquam,2024-07-04 06:12:37
209,209,https://misitio.com/img/burrito_2.jpg,Imagen de Burrito,2024-07-03 06:12:37
210,210,https://misitio.com/img/tacos_2.jpg,Imagen de Tacos,2024-06-30 06:12:37
301,301,https://misitio.com/img/empanadas_de_carne_3.jpg,Imagen de Empanadas de carne,2025-05-12 20:58:52
302,302,https://misitio.com/img/asperiores_tempore_3.jpg,Imagen de Asperiores tempore,2025-05-09 20:58:52
303,303,https://misitio.com/img/milanesa_con_papas_3.jpg,Imagen de Milanesa con papas,2025-05-10 20:58:52
304,304,https://misitio.com/img/eaque_ut_3.jpg,Imagen de Eaque ut,2025-05-09 20:58:52
305,305,https://misitio.com/img/locro_3.jpg,Imagen de Locro,2025-05-12 20:58:52
306,306,https://misitio.com/img/voluptate_accusantium_3.jpg,Imagen de Voluptate accusantium,2025-05-09 20:58:52
307,307,https://misitio.com/img/molestias_adipisci_3.jpg,Imagen de Molestias adipisci,2025-05-10 20:58:52
308,308,https://misitio.com/img/maiores_pariatur_3.jpg,Imagen de Maiores pariatur,2025-05-13 20:58:52
309,309,https://misitio.com/img/mollitia_placeat_3.jpg,Imagen de Mollitia placeat,2025-05-09 20:58:52
310,310,https://misitio.com/img/empanadas_de_pollo_3.jpg,Imagen de Empanadas de pollo,2025-05-11 20:58:52
401,401,https://misitio.com/img/samosas_4.jpg,Imagen de Samosas,2024-09-25 06:08:12
402,402,https://misitio.com/img/naan_4.jpg,Imagen de Naan,2024-09-26 06:08:12
403,403,https://misitio.com/img/arroz_con_vegetales_4.jpg,Imagen de Arroz con vegetales,2024-09-23 06:08:12
404,404,https://misitio.com/img/illo_possimus_4.jpg,Imagen de Illo possimus,2024-09-27 06:08:12
405,405,https://misitio.com/img/facilis_possimus_4.jpg,Imagen de Facilis possimus,2024-09-26 06:08:12
406,406,https://misitio.com/img/eaque_iste_4.jpg,Imagen de Eaque iste,2024-09-23 06:08:12
407,407,https://misitio.com/img/explicabo_quam_4.jpg,Imagen de Explicabo quam,2024-09-28 06:08:12
408,408,https://misitio.com/img/pollo_al_curry_4.jpg,Imagen de Pollo al curry,2024-09-22 06:08:12
409,409,https://misitio.com/img/tikka_masala_4.jpg,Imagen de Tikka Masala,2024-09-27 06:08:12
410,410,https://misitio.com/img/a_libero_4.jpg,Imagen de A libero,2024-09-27 06:08:12
501,501,https://misitio.com/img/voluptatem_maxime_5.jpg,Imagen de Voluptatem maxime,2024-07-23 12:30:47
502,502,https://misitio.com/img/adipisci_ipsam_5.jpg,Imagen de Adipisci ipsam,2024-07-25 12:30:47
503,503,https://misitio.com/img/choripán_5.jpg,Imagen de Choripán,2024-07-28 12:30:47
504,504,https://misitio.com/img/lomito_completo_5.jpg,Imagen de Lomito completo,2024-07-26 12:30:47
505,505,https://misitio.com/img/minus_suscipit_5.jpg,Imagen de Minus suscipit,2024-07-23 12:30:47
506,506,https://misitio.com/img/sandwich_de_milanesa_5.jpg,Imagen de Sandwich de milanesa,2024-07-24 12:30:47
507,507,https://misitio.com/img/placeat_veritatis_5.jpg,Imagen de Placeat veritatis,2024-07-28 12:30:47
508,508,https://misitio.com/img/pancho_completo_5.jpg,Imagen de Pancho completo,2024-07-25 12:30:47
509,509,https://misitio.com/img/velit_quis_5.jpg,Imagen de Velit quis,2024-07-26 12:30:47
510,510,https://misitio.com/img/voluptas_modi_5.jpg,Imagen de Voluptas modi,2024-07-26 12:30:47
601,601,https://misitio.com/img/hamburguesa_doble_6.jpg,Imagen de Hamburguesa doble,2025-03-29 22:59:46
602,602,https://misitio.com/img/papas_fritas_6.jpg,Imagen de Papas fritas,2025-03-28 22:59:46
603,603,https://misitio.com/img/hot_dog_6.jpg,Imagen de Hot Dog,2025-03-28 22:59:46
604,604,https://misitio.com/img/nuggets_de_pollo_6.jpg,Imagen de Nuggets de pollo,2025-03-30 22:59:46
605,605,https://misitio.com/img/ensalada_césar_6.jpg,Imagen de Ensalada César,2025-03-30 22:59:46
606,606,https://misitio.com/img/expedita_quos_6.jpg,Imagen de Expedita quos,2025-04-03 22:59:46
607,607,https://misitio.com/img/dolor_itaque_6.jpg,Imagen de Dolor itaque,2025-03-30 22:59:46
608,608,https://misitio.com/img/temporibus_ut_6.jpg,Imagen de Temporibus ut,2025-04-02 22:59:46
609,609,https://misitio.com/img/et_maiores_6.jpg,Imagen de Et maiores,2025-03-28 22:59:46
610,610,https://misitio.com/img/quis_error_6.jpg,Imagen de Quis error,2025-03-31 22:59:46
701,701,https://misitio.com/img/ipsa_praesentium_7.jpg,Imagen de Ipsa praesentium,2024-05-25 23:31:51
702,702,https://misitio.com/img/smoothie_verde_7.jpg,Imagen de Smoothie verde,2024-05-24 23:31:51
703,703,https://misitio.com/img/saepe_voluptate_7.jpg,Imagen de Saepe voluptate,2024-05-24 23:31:51
704,704,https://misitio.com/img/bowl_de_quinoa_7.jpg,Imagen de Bowl de quinoa,2024-05-28 23:31:51
705,705,https://misitio.com/img/ensalada_de_salmón_7.jpg,Imagen de Ensalada de salmón,2024-05-26 23:31:51
706,706,https://misitio.com/img/wrap_vegetariano_7.jpg,Imagen de Wrap vegetariano,2024-05-22 23:31:51
707,707,https://misitio.com/img/accusantium_dolores_7.jpg,Imagen de Accusantium dolores,2024-05-26 23:31:51
708,708,https://misitio.com/img/iste_illo_7.jpg,Imagen de Iste illo,2024-05-22 23:31:51
709,709,https://misitio.com/img/nisi_labore_7.jpg,Imagen de Nisi labore,2024-05-27 23:31:51
710,710,https://misitio.com/img/quidem_dignissimos_7.jpg,Imagen de Quidem dignissimos,2024-05-25 23:31:51
801,801,https://misitio.com/img/sushi_roll_8.jpg,Imagen de Sushi roll,2025-04-11 04:17:04
802,802,https://misitio.com/img/nigiri_de_salmón_8.jpg,Imagen de Nigiri de salmón,2025-04-12 04:17:04
803,803,https://misitio.com/img/ramen_8.jpg,Imagen de Ramen,2025-04-10 04:17:04
804,804,https://misitio.com/img/tempura_8.jpg,Imagen de Tempura,2025-04-13 04:17:04
805,805,https://misitio.com/img/gyozas_8.jpg,Imagen de Gyozas,2025-04-10 04:17:04
806,806,https://misitio.com/img/adipisci_fuga_8.jpg,Imagen de Adipisci fuga,2025-04-14 04:17:04
807,807,https://misitio.com/img/exercitationem_ducimus_8.jpg,Imagen de Exercitationem ducimus,2025-04-09 04:17:04
808,808,https://misitio.com/img/voluptatem_at_8.jpg,Imagen de Voluptatem at,2025-04-15 04:17:04
809,809,https://misitio.com/img/ipsum_cumque_8.jpg,Imagen de Ipsum cumque,2025-04-12 04:17:04
810,810,https://misitio.com/img/quasi_a_8.jpg,Imagen de Quasi a,2025-04-15 04:17:04
901,901,https://misitio.com/img/numquam_laboriosam_9.jpg,Imagen de Numquam laboriosam,2025-01-16 22:52:10
902,902,https://misitio.com/img/ravioles_de_ricota_9.jpg,Imagen de Ravioles de ricota,2025-01-11 22:52:10
903,903,https://misitio.com/img/ñoquis_con_tuco_9.jpg,Imagen de Ñoquis con tuco,2025-01-11 22:52:10
904,904,https://misitio.com/img/doloremque_architecto_9.jpg,Imagen de Doloremque architecto,2025-01-13 22:52:10
905,905,https://misitio.com/img/officia_vel_9.jpg,Imagen de Officia vel,2025-01-16 22:52:10
906,906,https://misitio.com/img/pizza_muzzarella_9.jpg,Imagen de Pizza Muzzarella,2025-01-13 22:52:10
907,907,https://misitio.com/img/officiis_enim_9.jpg,Imagen de Officiis enim,2025-01-13 22:52:10
908,908,https://misitio.com/img/ipsam_molestias_9.jpg,Imagen de Ipsam molestias,2025-01-10 22:52:10
909,909,https://misitio.com/img/lasagna_9.jpg,Imagen de Lasagna,2025-01-12 22:52:10
910,910,https://misitio.com/img/maxime_fuga_9.jpg,Imagen de Maxime fuga,2025-01-16 22:52:10
1001,1001,https://misitio.com/img/voluptatum_aspernatur_10.jpg,Imagen de Voluptatum aspernatur,2025-01-28 20:03:10
1002,1002,https://misitio.com/img/nachos_10.jpg,Imagen de Nachos,2025-01-29 20:03:10
1003,1003,https://misitio.com/img/porro_ut_10.jpg,Imagen de Porro ut,2025-01-27 20:03:10
1004,1004,https://misitio.com/img/molestiae_earum_10.jpg,Imagen de Molestiae earum,2025-01-29 20:03:10
1005,1005,https://misitio.com/img/burrito_10.jpg,Imagen de Burrito,2025-01-27 20:03:10
1006,1006,https://misitio.com/img/quesadillas_10.jpg,Imagen de Quesadillas,2025-01-27 20:03:10
1007,1007,https://misitio.com/img/distinctio_quas_10.jpg,Imagen de Distinctio quas,2025-01-31 20:03:10
1008,1008,https://misitio.com/img/enchiladas_10.jpg,Imagen de Enchiladas,2025-02-01 20:03:10
1009,1009,https://misitio.com/img/at_natus_10.jpg,Imagen de At natus,2025-01-30 20:03:10
1010,1010,https://misitio.com/img/quasi_veniam_10.jpg,Imagen de Quasi veniam,2025-01-30 20:03:10
1101,1101,https://misitio.com/img/molestias_adipisci_11.jpg,Imagen de Molestias adipisci,2024-06-17 12:57:25
1102,1102,https://misitio.com/img/milanesa_con_papas_11.jpg,Imagen de Milanesa con papas,2024-06-18 12:57:25
1103,1103,https://misitio.com/img/asperiores_tempore_11.jpg,Imagen de Asperiores tempore,2024-06-17 12:57:25
1104,1104,https://misitio.com/img/reprehenderit_voluptate_11.jpg,Imagen de Reprehenderit voluptate,2024-06-19 12:57:25
1105,1105,https://misitio.com/img/voluptate_accusantium_11.jpg,Imagen de Voluptate accusantium,2024-06-16 12:57:25
1106,1106,https://misitio.com/img/maiores_pariatur_11.jpg,Imagen de Maiores pariatur,2024-06-21 12:57:25
1107,1107,https://misitio.com/img/locro_11.jpg,Imagen de Locro,2024-06-20 12:57:25
1108,1108,https://misitio.com/img/quam_nam_11.jpg,Imagen de Quam nam,2024-06-22 12:57:25
1109,1109,https://misitio.com/img/asado_para_2_11.jpg,Imagen de Asado para 2,2024-06-20 12:57:25
1110,1110,https://misitio.com/img/empanadas_de_pollo_11.jpg,Imagen de Empanadas de pollo,2024-06-19 12:57:25
1201,1201,https://misitio.com/img/nesciunt_corporis_12.jpg,Imagen de Nesciunt corporis,2024-11-03 06:56:20
1202,1202,https://misitio.com/img/a_libero_12.jpg,Imagen de A libero,2024-11-06 06:56:20
1203,1203,https://misitio.com/img/excepturi_sit_12.jpg,Imagen de Excepturi sit,2024-11-04 06:56:20
1204,1204,https://misitio.com/img/eaque_iste_12.jpg,Imagen de Eaque iste,2024-11-05 06:56:20
1205,1205,https://misitio.com/img/tikka_masala_12.jpg,Imagen de Tikka Masala,2024-11-07 06:56:20
1206,1206,https://misitio.com/img/naan_12.jpg,Imagen de Naan,2024-11-03 06:56:20
1207,1207,https://misitio.com/img/arroz_con_vegetales_12.jpg,Imagen de Arroz con vegetales,2024-11-05 06:56:20
1208,1208,https://misitio.com/img/illo_possimus_12.jpg,Imagen de Illo possimus,2024-11-03 06:56:20
1209,1209,https://misitio.com/img/facilis_possimus_12.jpg,Imagen de Facilis possimus,2024-11-07 06:56:20
1210,1210,https://misitio.com/img/explicabo_quam_12.jpg,Imagen de Explicabo quam,2024-11-06 06:56:20
1301,1301,https://misitio.com/img/pancho_completo_13.jpg,Imagen de Pancho completo,2024-05-29 14:46:09
1302,1302,https://misitio.com/img/provident_veniam_13.jpg,Imagen de Provident veniam,2024-05-26 14:46:09
1303,1303,https://misitio.com/img/choripán_13.jpg,Imagen de Choripán,2024-05-26 14:46:09
1304,1304,https://misitio.com/img/voluptatem_maxime_13.jpg,Imagen de Voluptatem maxime,2024-05-30 14:46:09
1305,1305,https://misitio.com/img/mollitia_id_13.jpg,Imagen de Mollitia id,2024-05-26 14:46:09
1306,1306,https://misitio.com/img/pizza_al_molde_13.jpg,Imagen de Pizza al molde,2024-06-01 14:46:09
1307,1307,https://misitio.com/img/voluptas_modi_13.jpg,Imagen de Voluptas modi,2024-05-28 14:46:09
1308,1308,https://misitio.com/img/sandwich_de_milanesa_13.jpg,Imagen de Sandwich de milanesa,2024-05-28 14:46:09
1309,1309,https://misitio.com/img/placeat_veritatis_13.jpg,Imagen de Placeat veritatis,2024-05-26 14:46:09
1310,1310,https://misitio.com/img/lomito_completo_13.jpg,Imagen de Lomito completo,2024-05-27 14:46:09
1401,1401,https://misitio.com/img/hamburguesa_doble_14.jpg,Imagen de Hamburguesa doble,2024-06-19 15:13:50
1402,1402,https://misitio.com/img/papas_fritas_14.jpg,Imagen de Papas fritas,2024-06-18 15:13:50
1403,1403,https://misitio.com/img/hot_dog_14.jpg,Imagen de Hot Dog,2024-06-18 15:13:50
1404,1404,https://misitio.com/img/nuggets_de_pollo_14.jpg,Imagen de Nuggets de pollo,2024-06-20 15:13:50
1405,1405,https://misitio.com/img/ensalada_césar_14.jpg,Imagen de Ensalada César,2024-06-22 15:13:50
1406,1406,https://misitio.com/img/expedita_quos_14.jpg,Imagen de Expedita quos,2024-06-21 15:13:50
1407,1407,https://misitio.com/img/dolor_itaque_14.jpg,Imagen de Dolor itaque,2024-06-24 15:13:50
1408,1408,https://misitio.com/img/temporibus_ut_14.jpg,Imagen de Temporibus ut,2024-06-21 15:13:50
1409,1409,https://misitio.com/img/et_maiores_14.jpg,Imagen de Et maiores,2024-06-20 15:13:50
1410,1410,https://misitio.com/img/quis_error_14.jpg,Imagen de Quis error,2024-06-23 15:13:50
1501,1501,https://misitio.com/img/quidem_dignissimos_15.jpg,Imagen de Quidem dignissimos,2025-04-29 18:35:33
1502,1502,https://misitio.com/img/quos_ea_15.jpg,Imagen de Quos ea,2025-04-28 18:35:33
1503,1503,https://misitio.com/img/ensalada_césar_15.jpg,Imagen de Ensalada César,2025-04-29 18:35:33
1504,1504,https://misitio.com/img/wrap_vegetariano_15.jpg,Imagen de Wrap vegetariano,2025-04-23 18:35:33
1505,1505,https://misitio.com/img/saepe_voluptate_15.jpg,Imagen de Saepe voluptate,2025-04-26 18:35:33
1506,1506,https://misitio.com/img/iste_illo_15.jpg,Imagen de Iste illo,2025-04-26 18:35:33
1507,1507,https://misitio.com/img/accusantium_dolores_15.jpg,Imagen de Accusantium dolores,2025-04-23 18:35:33
1508,1508,https://misitio.com/img/bowl_de_quinoa_15.jpg,Imagen de Bowl de quinoa,2025-04-28 18:35:33
1509,1509,https://misitio.com/img/nisi_labore_15.jpg,Imagen de Nisi labore,2025-04-27 18:35:33
1510,1510,https://misitio.com/img/ipsa_praesentium_15.jpg,Imagen de Ipsa praesentium,2025-04-27 18:35:33
1601,1601,https://misitio.com/img/sushi_roll_16.jpg,Imagen de Sushi roll,2024-11-22 01:52:31
1602,1602,https://misitio.com/img/nigiri_de_salmón_16.jpg,Imagen de Nigiri de salmón,2024-11-16 01:52:31
1603,1603,https://misitio.com/img/ramen_16.jpg,Imagen de Ramen,2024-11-18 01:52:31
1604,1604,https://misitio.com/img/tempura_16.jpg,Imagen de Tempura,2024-11-20 01:52:31
1605,1605,https://misitio.com/img/gyozas_16.jpg,Imagen de Gyozas,2024-11-21 01:52:31
1606,1606,https://misitio.com/img/adipisci_fuga_16.jpg,Imagen de Adipisci fuga,2024-11-19 01:52:31
1607,1607,https://misitio.com/img/exercitationem_ducimus_16.jpg,Imagen de Exercitationem ducimus,2024-11-16 01:52:31
1608,1608,https://misitio.com/img/voluptatem_at_16.jpg,Imagen de Voluptatem at,2024-11-17 01:52:31
1609,1609,https://misitio.com/img/ipsum_cumque_16.jpg,Imagen de Ipsum cumque,2024-11-19 01:52:31
1610,1610,https://misitio.com/img/quasi_a_16.jpg,Imagen de Quasi a,2024-11-18 01:52:31
1701,1701,https://misitio.com/img/maxime_fuga_17.jpg,Imagen de Maxime fuga,2024-11-25 01:35:13
1702,1702,https://misitio.com/img/numquam_laboriosam_17.jpg,Imagen de Numquam laboriosam,2024-11-25 01:35:13
1703,1703,https://misitio.com/img/ravioles_de_ricota_17.jpg,Imagen de Ravioles de ricota,2024-11-28 01:35:13
1704,1704,https://misitio.com/img/at_eos_17.jpg,Imagen de At eos,2024-11-29 01:35:13
1705,1705,https://misitio.com/img/pizza_napolitana_17.jpg,Imagen de Pizza Napolitana,2024-11-30 01:35:13
1706,1706,https://misitio.com/img/officia_vel_17.jpg,Imagen de Officia vel,2024-11-28 01:35:13
1707,1707,https://misitio.com/img/mollitia_qui_17.jpg,Imagen de Mollitia qui,2024-11-29 01:35:13
1708,1708,https://misitio.com/img/lasagna_17.jpg,Imagen de Lasagna,2024-11-25 01:35:13
1709,1709,https://misitio.com/img/eveniet_exercitationem_17.jpg,Imagen de Eveniet exercitationem,2024-11-27 01:35:13
1710,1710,https://misitio.com/img/officiis_enim_17.jpg,Imagen de Officiis enim,2024-11-29 01:35:13
1801,1801,https://misitio.com/img/quesadillas_18.jpg,Imagen de Quesadillas,2024-12-30 01:12:44
1802,1802,https://misitio.com/img/quasi_veniam_18.jpg,Imagen de Quasi veniam,2024-12-27 01:12:44
1803,1803,https://misitio.com/img/enchiladas_18.jpg,Imagen de Enchiladas,2024-12-26 01:12:44
1804,1804,https://misitio.com/img/quis_unde_18.jpg,Imagen de Quis unde,2024-12-26 01:12:44
1805,1805,https://misitio.com/img/distinctio_quas_18.jpg,Imagen de Distinctio quas,2024-12-30 01:12:44
1806,1806,https://misitio.com/img/tacos_18.jpg,Imagen de Tacos,2024-12-25 01:12:44
1807,1807,https://misitio.com/img/burrito_18.jpg,Imagen de Burrito,2024-12-24 01:12:44
1808,1808,https://misitio.com/img/molestiae_aliquam_18.jpg,Imagen de Molestiae aliquam,2024-12-24 01:12:44
1809,1809,https://misitio.com/img/nachos_18.jpg,Imagen de Nachos,2024-12-24 01:12:44
1810,1810,https://misitio.com/img/nihil_sequi_18.jpg,Imagen de Nihil sequi,2024-12-25 01:12:44
1901,1901,https://misitio.com/img/locro_19.jpg,Imagen de Locro,2024-10-10 13:07:50
1902,1902,https://misitio.com/img/maiores_pariatur_19.jpg,Imagen de Maiores pariatur,2024-10-12 13:07:50
1903,1903,https://misitio.com/img/mollitia_placeat_19.jpg,Imagen de Mollitia placeat,2024-10-11 13:07:50
1904,1904,https://misitio.com/img/reprehenderit_voluptate_19.jpg,Imagen de Reprehenderit voluptate,2024-10-15 13:07:50
1905,1905,https://misitio.com/img/autem_accusantium_19.jpg,Imagen de Autem accusantium,2024-10-13 13:07:50
1906,1906,https://misitio.com/img/quam_nam_19.jpg,Imagen de Quam nam,2024-10-12 13:07:50
1907,1907,https://misitio.com/img/empanadas_de_pollo_19.jpg,Imagen de Empanadas de pollo,2024-10-09 13:07:50
1908,1908,https://misitio.com/img/asperiores_tempore_19.jpg,Imagen de Asperiores tempore,2024-10-14 13:07:50
1909,1909,https://misitio.com/img/empanadas_de_carne_19.jpg,Imagen de Empanadas de carne,2024-10-13 13:07:50
1910,1910,https://misitio.com/img/eaque_ut_19.jpg,Imagen de Eaque ut,2024-10-15 13:07:50
2001,2001,https://misitio.com/img/pollo_al_curry_20.jpg,Imagen de Pollo al curry,2024-09-04 13:54:57
2002,2002,https://misitio.com/img/samosas_20.jpg,Imagen de Samosas,2024-09-06 13:54:57
2003,2003,https://misitio.com/img/facilis_possimus_20.jpg,Imagen de Facilis possimus,2024-09-04 13:54:57
2004,2004,https://misitio.com/img/illo_possimus_20.jpg,Imagen de Illo possimus,2024-09-04 13:54:57
2005,2005,https://misitio.com/img/nesciunt_corporis_20.jpg,Imagen de Nesciunt corporis,2024-09-08 13:54:57
2006,2006,https://misitio.com/img/explicabo_quam_20.jpg,Imagen de Explicabo quam,2024-09-09 13:54:57
2007,2007,https://misitio.com/img/excepturi_sit_20.jpg,Imagen de Excepturi sit,2024-09-06 13:54:57
2008,2008,https://misitio.com/img/naan_20.jpg,Imagen de Naan,2024-09-04 13:54:57
2009,2009,https://misitio.com/img/tikka_masala_20.jpg,Imagen de Tikka Masala,2024-09-08 13:54:57
2010,2010,https://misitio.com/img/eaque_iste_20.jpg,Imagen de Eaque iste,2024-09-05 13:54:57
